taxon,tvk,km100,km10,coord_system
Anguis fragilis,NBNSYS0000005072,NC,70 90 91,OSGB
Anguis fragilis,NBNSYS0000005072,ND,01 12 13 23,OSGB
Anguis fragilis,NBNSYS0000005072,NG,60 83,OSGB
Anguis fragilis,NBNSYS0000005072,NH,20 21 25 30 31 32 33 34 35 36 41 42 43 44 45 46 52 53 54 55 56 62 63 64 65 66 68 69 70 73 74 75 76 77 78 79 80 81 82 83 84 85 90 91 92 93 94 95,OSGB
Anguis fragilis,NBNSYS0000005072,NJ,01 02 03 04 05 06 10 11 12 13 14 15 16 20 23 24 25 26 30 33 34 35 36 42 43 44 45,OSGB
Anguis fragilis,NBNSYS0000005072,NM,34 42 43 44 45 46 47 52 53 54 55 56 57 62 63 64 65 66 67 68 69 70 71 72 73 74 75 76 78 79 80 81 82 83 84 85 86 90 91 92 93 94 95,OSGB
Anguis fragilis,NBNSYS0000005072,NN,00 01 02 03 04 05 06 07 10 11 12 15 16 17 20 21 22 30 31 40 41 50 51 52 53 60 62 71 72 74 75 84 85 86 92 94 95 96,OSGB
Anguis fragilis,NBNSYS0000005072,NO,04 06 19 26 27 29 36 37 38 39 47 48 49 57 58 69 79,OSGB
Anguis fragilis,NBNSYS0000005072,NR,26 34 36 39 45 46 50 51 56 60 61 62 63 64 67 68 70 71 72 73 74 75 76 77 78 79 82 83 84 85 86 87 88 89 92 93 94 95 96 97 98 99,OSGB
Anguis fragilis,NBNSYS0000005072,NS,00 01 02 03 04 05 06 07 08 09 10 14 15 16 17 18 19 20 21 26 29 30 31 39 40 41 48 49 50 51 52 53 54 58 59 60 61 62 63 64 70 71 72 73 80 81 82 90 91 92 94 95,OSGB
Anguis fragilis,NBNSYS0000005072,NT,00 01 02 04 05 10 11 12 20 21 22 82 90 91 92 93 95,OSGB
Anguis fragilis,NBNSYS0000005072,NU,00 01 02 03 04 10 11 12 13 14,OSGB
Anguis fragilis,NBNSYS0000005072,NW,95 96 97,OSGB
Anguis fragilis,NBNSYS0000005072,NX,03 04 05 06 07 08 09 13 14 15 16 17 18 19 24 25 26 27 28 29 33 34 35 36 37 38 39 43 44 45 46 47 48 49 54 55 56 57 58 59 64 65 66 67 68 69 74 75 76 77 78 79 84 85 86 87 88 89 90 91 92 93 98 99,OSGB
Anguis fragilis,NBNSYS0000005072,NY,00 01 02 03 04 05 07 08 09 10 11 12 13 14 15 17 18 19 20 21 22 23 24 25 26 29 30 31 32 33 34 35 36 37 38 39 40 41 42 43 44 45 46 47 48 49 52 53 54 55 56 57 61 62 65 66 67 71 75 76 85 86 87 88 93 94 95 96 97 98 99,OSGB
Anguis fragilis,NBNSYS0000005072,NZ,01 02 03 04 05 08 09 19 40 50 51 60 61 70 71 80 81 90,OSGB
Anguis fragilis,NBNSYS0000005072,SD,08 09 16 17 18 19 26 27 28 29 30 32 33 34 37 38 39 40 41 45 46 47 48 49 56 57 58 59 69 80 94,OSGB
Anguis fragilis,NBNSYS0000005072,SE,07 15 16 17 25 26 28 48 49 57 58 59 67 68 69 78 79 88 89 98 99,OSGB
Anguis fragilis,NBNSYS0000005072,SH,12 13 22 23 24 27 28 29 32 33 34 36 37 38 39 43 44 45 46 47 48 49 50 51 52 53 54 55 56 57 58 60 61 62 63 64 65 66 67 68 70 71 72 73 74 75 76 77 78 80 84 85 86 87 88 94 96 97,OSGB
Anguis fragilis,NBNSYS0000005072,SJ,00 01 04 05 06 07 10 11 12 14 15 16 17 18 20 21 22 23 24 25 26 27 28 29 30 31 32 33 34 35 36 37 38 39 40 43 48 49 50 58 59 60 69 71 73 74 80 82 83 84 85 90 91 92 93 94 95 96 97,OSGB
Anguis fragilis,NBNSYS0000005072,SK,00 01 02 03 04 05 06 07 08 10 11 12 13 14 15 16 17 18 20 21 22 23 24 25 26 27 28 29 31 32 33 34 35 36 37 38 39 40 41 42 43 44 45 46 47 48 49 50 51 52 53 54 55 56 58 59 63 64,OSGB
Anguis fragilis,NBNSYS0000005072,SM,50 62 70 71 72 73 80 81 82 83 84 90 91 92 93 94,OSGB
Anguis fragilis,NBNSYS0000005072,SN,00 01 02 03 04 10 11 12 13 14 15 20 21 22 24 25 30 31 35 36 40 41 50 51 58 59 61 67 68 69 77 78 79 96 97 98 99,OSGB
Anguis fragilis,NBNSYS0000005072,SO,04 05 06 08 09 12 13 14 16 19 21 24 25 26 27 28 29 32 33 34 35 36 37 38 39 40 41 43 44 45 46 47 48 49 50 51 52 53 54 55 56 57 58 59 60 61 62 63 64 65 66 67 68 69 70 71 72 73 74 75 76 77 78 79 80 81 82 83 84 85 86 87 88 89 90 91 92 93 94 95 96 97 98 99,OSGB
Anguis fragilis,NBNSYS0000005072,SP,00 01 02 03 04 05 06 07 08 09 10 11 12 13 14 15 16 17 18 19 20 21 22 23 25 26 27 28 29 30 31 32 35 36 37 38 39 40 41 42 45 47 48 50 51 52 56 59 60 65 66 70 73 75 76 80 81 82 83 85 86 87 88 90 91 92 93 94 95 96 97 98 99,OSGB
Anguis fragilis,NBNSYS0000005072,SR,89 99,OSGB
Anguis fragilis,NBNSYS0000005072,SS,09 10 11 14 19 20 21 22 30 31 32 38 39 40 41 42 43 44 48 49 50 51 52 53 54 58 59 60 61 62 63 64 68 69 70 71 72 73 74 75 77 78 79 80 81 82 83 84 87 88 90 91 92 93 94 96 97,OSGB
Anguis fragilis,NBNSYS0000005072,ST,00 01 02 03 04 06 07 10 11 12 13 14 16 17 18 20 21 22 23 24 25 26 27 28 30 33 34 35 36 37 38 39 43 44 45 46 47 48 49 54 55 56 57 58 59 64 65 66 67 68 69 70 73 74 75 76 77 78 79 80 81 82 84 85 86 87 88 89 90 91 92 95 96 97 98 99,OSGB
Anguis fragilis,NBNSYS0000005072,SU,00 01 03 06 07 08 10 11 12 13 14 15 16 17 18 20 21 22 23 24 25 26 27 28 29 30 31 32 33 34 35 36 37 38 39 40 41 42 43 44 45 46 47 48 49 50 51 52 53 54 55 56 57 58 59 60 61 62 63 64 65 66 67 68 69 70 71 72 73 74 75 76 77 78 79 80 81 82 83 84 85 86 87 88 89 90 91 92 93 94 95 96 97 98 99,OSGB
Anguis fragilis,NBNSYS0000005072,SV,80 81 90 91,OSGB
Anguis fragilis,NBNSYS0000005072,SW,32 33 42 43 44 52 53 54 61 62 63 64 65 71 72 73 74 75 76 81 82 83 84 85 86 87 93 94 95 96 97 98,OSGB
Anguis fragilis,NBNSYS0000005072,SX,03 04 05 06 07 08 09 14 15 16 17 18 19 25 26 27 28 29 35 36 37 38 39 44 45 46 47 48 49 54 55 56 57 58 59 63 64 65 66 67 68 69 73 74 75 76 77 78 79 83 84 85 86 87 88 89 94 95 96 97 98 99,OSGB
Anguis fragilis,NBNSYS0000005072,SY,07 08 09 18 19 28 29 39 48 49 58 59 66 67 68 69 77 78 79 87 88 89 97 98 99,OSGB
Anguis fragilis,NBNSYS0000005072,SZ,07 08 09 19 28 29 38 39 47 48 49 57 58 59 68 69 79 89 99,OSGB
Anguis fragilis,NBNSYS0000005072,TA,08 09,OSGB
Anguis fragilis,NBNSYS0000005072,TF,09 18 26 60 61 62 63 70 71 72 74 80 81 82 83 84 90 91 92 93 94,OSGB
Anguis fragilis,NBNSYS0000005072,TG,00 01 02 03 04 10 11 12 13 14 20 21 22 23 24 30 31 32 33 40 41 42 50 51,OSGB
Anguis fragilis,NBNSYS0000005072,TL,00 01 02 03 04 05 08 09 10 11 12 13 14 15 16 20 21 22 23 24 25 30 31 32 33 34 35 40 41 42 43 44 45 52 54 60 63 64 65 67 69 70 72 73 74 75 76 77 78 79 80 81 82 83 84 85 86 87 88 89 90 91 92 93 94 95 96 97 98 99,OSGB
Anguis fragilis,NBNSYS0000005072,TM,00 01 02 03 04 05 06 07 08 09 11 12 13 14 15 16 17 18 19 21 22 23 24 25 26 27 28 29 33 34 35 36 37 38 39 44 45 46 47 48 49 57 58 59,OSGB
Anguis fragilis,NBNSYS0000005072,TQ,00 01 02 03 04 05 06 07 08 09 10 11 12 13 14 15 16 17 18 19 20 21 22 23 24 25 26 27 28 29 30 31 32 33 34 35 36 37 38 39 40 41 42 43 44 45 46 47 48 49 50 51 52 53 54 55 56 57 58 59 60 61 62 63 64 65 66 67 68 69 70 71 72 73 74 75 76 77 78 79 80 81 82 83 84 85 86 87 88 89 91 92 93 94 95 96 97 98 99,OSGB
Anguis fragilis,NBNSYS0000005072,TR,01 02 03 04 05 06 07 09 12 13 14 15 16 23 24 25 26 27 33 34 35 36 37 46 47,OSGB
Anguis fragilis,NBNSYS0000005072,TV,49 59 69,OSGB
Bufo bufo,NHMSYS0000080159,HY,10 20 21 22 30 31 41,OSGB
Bufo bufo,NHMSYS0000080159,NB,91,OSGB
Bufo bufo,NHMSYS0000080159,NC,00 01 02 22 23 35 44 51 65 75 76 81 91,OSGB
Bufo bufo,NHMSYS0000080159,ND,03 13 25 27 29 34 37 48,OSGB
Bufo bufo,NHMSYS0000080159,NG,42 53 63 72 82 95,OSGB
Bufo bufo,NHMSYS0000080159,NH,06 30 33 35 36 41 42 43 45 46 50 51 52 53 54 55 56 59 63 64 65 69 75 77 79 80 81 85 89 90 91 93 94 95 96,OSGB
Bufo bufo,NHMSYS0000080159,NJ,05 06 14 15 16 17 26 36 40 41 42 43 51 53 54 60 61 66 70 72 75 80 81 82 84 90 91 92 93 96,OSGB
Bufo bufo,NHMSYS0000080159,NK,02 05 14,OSGB
Bufo bufo,NHMSYS0000080159,NM,32 42 43 46 47 48 56 61 62 64 65 66 67 68 70 71 80 81 82 84 90 91 93 94 95 97,OSGB
Bufo bufo,NHMSYS0000080159,NN,00 01 04 10 11 12 17 18 20 30 31 37 40 41 50 53 59 60 64 65 70 74 75 81 82 83 84 86 91 95 96,OSGB
Bufo bufo,NHMSYS0000080159,NO,00 01 02 03 04 05 06 10 11 12 13 14 15 16 18 19 20 21 22 23 24 25 29 30 32 33 35 36 37 39 40 41 42 43 44 46 47 48 49 50 51 52 53 54 55 57 58 59 64 65 67 69 75 76 79 89 99,OSGB
Bufo bufo,NHMSYS0000080159,NR,36 50 56 57 58 60 61 62 63 64 67 68 70 71 72 73 74 75 76 77 78 79 82 83 84 85 86 87 88 89 92 93 94 95 96 97 98 99,OSGB
Bufo bufo,NHMSYS0000080159,NS,02 03 04 05 06 07 08 09 14 15 16 17 18 19 20 21 24 25 26 27 28 29 30 31 32 33 34 35 36 37 38 39 40 41 42 43 44 45 46 47 48 49 51 52 53 54 55 56 57 58 59 61 63 64 65 66 67 71 72 73 74 75 76 77 79 81 82 83 84 85 86 87 89 91 92 93 94 95 96 97,OSGB
Bufo bufo,NHMSYS0000080159,NT,00 03 04 05 06 07 09 14 16 17 18 19 20 25 26 27 29 31 35 36 41 45 46 47 51 52 56 57 58 67 70 75 77 81 83 84 90 91 92 93 96,OSGB
Bufo bufo,NHMSYS0000080159,NU,00 11 12 13 20 21 22,OSGB
Bufo bufo,NHMSYS0000080159,NX,04 06 07 08 15 16 18 19 25 27 29 34 35 37 38 43 44 46 48 55 56 65 66 67 76 77 84 85 90 91 92 95 96,OSGB
Bufo bufo,NHMSYS0000080159,NY,00 01 02 03 04 06 10 11 12 13 15 18 21 22 23 25 26 29 30 32 33 34 35 36 37 38 40 41 42 43 44 45 46 47 51 52 53 54 55 57 58 60 61 62 65 66 67 68 70 71 72 73 76 77 78 82 85 88 92 93 94 95 98,OSGB
Bufo bufo,NHMSYS0000080159,NZ,00 01 02 03 05 06 07 08 11 12 13 14 15 16 18 20 21 22 23 24 25 26 27 28 31 32 33 34 35 36 37 40 41 42 43 44 51 52 53 60 61 62 71 80 90,OSGB
Bufo bufo,NHMSYS0000080159,SD,08 09 17 18 19 20 21 26 27 28 29 31 32 33 37 38 39 41 43 47 48 49 50 52 57 58 59 60 61 62 63 69 70 71 73 80 83 85 88 91 92 94 95 96 97 98,OSGB
Bufo bufo,NHMSYS0000080159,SE,01 02 03 04 05 07 09 10 11 12 13 14 15 17 19 20 21 22 23 24 25 26 27 28 29 30 31 32 33 34 35 36 37 39 40 41 42 43 44 45 46 47 48 49 50 51 52 54 55 56 57 58 60 61 62 63 65 66 68 69 70 71 72 74 75 76 78 79 80 81 83 84 85 86 88 89 90 91 92 93 94 98 99,OSGB
Bufo bufo,NHMSYS0000080159,SH,23 24 27 28 29 32 33 34 36 37 38 39 43 44 45 46 47 48 49 52 53 54 55 56 57 58 62 63 64 65 66 67 70 71 72 73 74 75 76 77 78 80 81 83 91,OSGB
Bufo bufo,NHMSYS0000080159,SJ,01 03 06 07 08 10 11 12 13 14 15 16 17 18 20 21 22 24 25 26 27 28 29 31 33 34 35 37 38 39 40 41 43 44 46 48 50 51 56 57 58 59 60 61 63 66 67 68 69 70 72 73 74 75 76 77 78 79 80 81 82 83 84 85 86 87 88 89 90 91 92 93 94 95 96 97 98 99,OSGB
Bufo bufo,NHMSYS0000080159,SK,00 01 02 04 05 06 07 08 09 10 11 12 13 14 15 16 17 18 19 20 21 22 23 24 25 26 27 28 29 30 31 32 33 34 35 36 37 38 39 40 41 42 43 44 45 46 47 48 49 50 51 52 53 54 55 56 57 58 59 60 61 62 63 64 65 66 67 68 69 74 75 77 78 79 80 84 85 86 88 89 90 91 94 96 97,OSGB
Bufo bufo,NHMSYS0000080159,SM,70 71 72 73 80 81 82 83 84 90 91 92 93 94,OSGB
Bufo bufo,NHMSYS0000080159,SN,00 01 02 03 04 10 12 13 14 30 31 32 50 51 55 57 58 61 65 66 67 69 71 74 78 84 95 96 97 98,OSGB
Bufo bufo,NHMSYS0000080159,SO,00 04 05 06 11 13 14 16 17 19 25 26 33 36 41 45 46 47 48 50 51 52 53 54 56 61 62 63 65 66 69 70 72 73 74 75 76 77 78 80 81 82 84 85 86 87 88 89 90 91 92 93 94 95 96 97 98 99,OSGB
Bufo bufo,NHMSYS0000080159,SP,00 01 02 03 04 06 07 08 09 12 13 14 15 16 17 18 19 23 24 25 26 27 29 30 31 32 33 34 35 36 37 38 39 40 41 44 45 46 47 50 51 52 53 54 55 56 57 59 60 61 62 63 65 66 69 70 71 72 73 74 75 76 77 78 79 80 81 82 83 84 85 87 88 89 90 91 92 93 94 95 96,OSGB
Bufo bufo,NHMSYS0000080159,SR,89 99,OSGB
Bufo bufo,NHMSYS0000080159,SS,20 21 22 40 41 42 43 44 49 50 51 53 54 59 60 61 62 63 64 68 70 71 73 74 78 80 82 84 87 88 90 91 93 94 97,OSGB
Bufo bufo,NHMSYS0000080159,ST,00 01 03 04 07 11 12 13 14 16 17 18 19 20 21 22 23 28 33 34 35 36 37 38 41 45 46 47 48 49 50 55 56 57 59 60 64 65 66 67 68 69 73 74 76 77 79 80 81 84 87 89 95 98 99,OSGB
Bufo bufo,NHMSYS0000080159,SU,01 02 03 10 13 16 18 19 20 21 24 26 30 31 33 34 35 38 39 40 41 42 46 49 51 53 56 57 58 59 60 61 65 66 67 68 70 71 72 73 75 76 77 78 79 80 82 83 84 85 86 87 88 89 90 91 92 93 94 95 96 97 98 99,OSGB
Bufo bufo,NHMSYS0000080159,SV,80 81 91,OSGB
Bufo bufo,NHMSYS0000080159,SW,32 33 42 43 52 53 54 61 62 63 64 65 71 72 73 74 75 83 84 85 86 87 94 95 96 97 98,OSGB
Bufo bufo,NHMSYS0000080159,SX,05 06 07 08 09 15 16 17 18 19 25 26 27 29 35 36 37 38 39 44 45 46 47 49 54 55 56 57 59 65 66 67 68 69 74 75 76 77 78 84 85 86 87 88 89 95 96 97 98 99,OSGB
Bufo bufo,NHMSYS0000080159,SY,08 09 18 19 28 29 39 49 59 67 68 69 89 98 99,OSGB
Bufo bufo,NHMSYS0000080159,SZ,07 08 09 19 29 38 39 47 48 49 57 58 59 68 69 89,OSGB
Bufo bufo,NHMSYS0000080159,TA,00 01 02 03 04 06 07 08 09 10 11 12 13 14 17 18 20 21 23 24 27 30 31 32,OSGB
Bufo bufo,NHMSYS0000080159,TF,00 06 07 09 10 11 17 18 19 22 23 26 27 29 30 34 36 37 38 39 41 47 48 49 55 57 58 61 62 63 64 70 71 72 73 74 80 81 83 84 90 91 92 93 94,OSGB
Bufo bufo,NHMSYS0000080159,TG,00 01 02 03 04 10 11 12 13 20 21 22 23 31 32 33 40 41 42 51,OSGB
Bufo bufo,NHMSYS0000080159,TL,00 01 02 03 04 05 06 07 08 10 11 12 13 14 15 16 18 19 21 22 23 24 25 26 27 28 29 30 31 32 34 35 36 37 38 39 40 41 42 43 44 45 46 47 49 50 51 53 54 55 57 58 62 64 65 70 72 74 75 76 77 78 79 80 82 83 84 85 86 87 88 89 91 92 93 94 95 96 97 98 99,OSGB
Bufo bufo,NHMSYS0000080159,TM,01 02 03 04 05 06 07 08 09 13 14 15 16 17 18 19 22 23 24 25 26 27 29 33 34 35 36 37 38 45 46 47 49 57 58 59,OSGB
Bufo bufo,NHMSYS0000080159,TQ,00 01 02 03 04 05 06 07 08 09 10 11 12 13 14 15 16 17 18 19 20 21 22 23 24 25 26 27 28 29 30 31 32 33 34 35 36 37 38 39 40 41 42 43 44 45 46 47 48 49 50 51 52 53 54 55 56 57 59 60 61 62 63 64 65 66 67 68 69 70 71 72 73 74 75 76 77 78 80 81 82 83 84 85 86 87 88 89 91 92 93 94 95 96 98,OSGB
Bufo bufo,NHMSYS0000080159,TR,01 02 03 04 05 06 13 14 15 16 23 24 25 26 34 35 36,OSGB
Bufo bufo,NHMSYS0000080159,TV,49 59 69,OSGB
Coronella austriaca,NHMSYS0000332360,SU,00 01 10 11 20 21 30 31 32 72 73 75 76 82 83 84 85 86 93 94 95 96,OSGB
Coronella austriaca,NHMSYS0000332360,SY,78 88 89 98 99,OSGB
Coronella austriaca,NHMSYS0000332360,SZ,08 09 19 29 39 58,OSGB
Epidalea calamita,NHMSYS0020194825,NX,90 91 92 93,OSGB
Epidalea calamita,NHMSYS0020194825,NY,00 03 04 05 15 16 26,OSGB
Epidalea calamita,NHMSYS0020194825,SD,08 09 16 17 18 26 27 28 35 36 37 38,OSGB
Epidalea calamita,NHMSYS0020194825,SH,98,OSGB
Epidalea calamita,NHMSYS0020194825,SU,73 82 83 84 93 94,OSGB
Epidalea calamita,NHMSYS0020194825,TG,30 31 32 40 41 42 50 51,OSGB
Epidalea calamita,NHMSYS0020194825,TM,45 46 47 49 57 58 59,OSGB
Epidalea calamita,NHMSYS0020194825,TQ,04 47,OSGB
Lacerta agilis,NBNSYS0000005070,SD,20 21,OSGB
Lacerta agilis,NBNSYS0000005070,SH,53,OSGB
Lacerta agilis,NBNSYS0000005070,SJ,08 18,OSGB
Lacerta agilis,NBNSYS0000005070,SU,00 01 10 11 20 21 30 31 40 72 73 75 76 82 83 84 85 86 91 92 93 94 95 96 97,OSGB
Lacerta agilis,NBNSYS0000005070,SY,78 88 89 98 99,OSGB
Lacerta agilis,NBNSYS0000005070,SZ,08 09 19 29 39 49,OSGB
Lacerta agilis,NBNSYS0000005070,TQ,01 04 05 14 15 16,OSGB
Lissotriton helveticus,NHMSYS0020194828,NC,36 46 56 66 76 86 96,OSGB
Lissotriton helveticus,NHMSYS0020194828,ND,06 16 26 35 36,OSGB
Lissotriton helveticus,NHMSYS0020194828,NH,20 21 30 31 32 33 41 42 43 44 45 52 53 62 63 70 80 91,OSGB
Lissotriton helveticus,NHMSYS0020194828,NJ,05 06 16 24 25 26 27 35 36 42 46,OSGB
Lissotriton helveticus,NHMSYS0020194828,NM,55 70 71 74 80 81 82 83 90 91 92 93,OSGB
Lissotriton helveticus,NHMSYS0020194828,NN,00 01 02 03 04 10 11 12 14 20 30 31 40 45 50 55 70 74 75 76 79 85 86 94 95 96,OSGB
Lissotriton helveticus,NHMSYS0020194828,NO,00 01 02 03 04 05 06 10 11 12 13 14 15 16 17 19 20 21 22 23 24 25 26 27 30 31 32 33 34 35 36 37 39 40 41 42 43 44 45 46 47 48 49 50 51 52 53 54 55 56 57 58 60 61 63 64 65 66 67 69 74 75 76 79 87 88 89,OSGB
Lissotriton helveticus,NHMSYS0020194828,NR,36 44 45 46 50 51 56 60 61 62 63 64 65 67 68 70 71 72 73 74 75 76 77 78 79 82 83 84 85 86 87 88 89 92 93 94 95 96 97 98 99,OSGB
Lissotriton helveticus,NHMSYS0020194828,NS,01 02 03 04 05 06 07 08 09 10 14 15 16 17 18 19 20 21 23 24 25 26 27 28 29 30 31 32 33 34 35 36 37 38 39 40 41 42 43 44 45 46 47 48 49 51 52 53 54 55 56 57 58 59 65 66 67 68 69 74 75 76 77 78 79 83 84 85 86 87 88 89 93 96 97 98 99,OSGB
Lissotriton helveticus,NHMSYS0020194828,NT,03 06 07 08 09 15 16 17 18 19 23 24 25 26 27 28 29 33 35 36 37 39 43 46 47 48 49 53 54 56 57 58 67 68 77 82 90 92,OSGB
Lissotriton helveticus,NHMSYS0020194828,NU,00 01 02 03 10 11 12 20 21,OSGB
Lissotriton helveticus,NHMSYS0020194828,NW,97,OSGB
Lissotriton helveticus,NHMSYS0020194828,NX,07 08 09 14 16 18 19 24 29 33 34 35 36 37 43 47 56 57 58 88 90 91 92 93 95 98,OSGB
Lissotriton helveticus,NHMSYS0020194828,NY,00 01 02 03 04 05 06 07 10 11 12 13 14 15 16 17 19 20 21 22 23 24 25 26 27 28 30 31 32 33 34 35 36 37 38 39 40 41 42 43 44 45 46 50 51 52 53 54 55 56 60 61 62 63 64 65 66 70 71 72 73 74 75 80 81 82 83 84 85 90 91 92 93 94 95 96,OSGB
Lissotriton helveticus,NHMSYS0020194828,NZ,01 02 03 04 05 06 07 09 10 11 12 13 14 15 16 17 18 19 20 21 22 23 24 25 26 27 28 29 30 31 32 33 34 35 36 37 38 40 41 42 43 44 45 46 50 51 52 53 60 61 62 70 71 80 81 90,OSGB
Lissotriton helveticus,NHMSYS0020194828,SD,08 09 16 17 18 19 20 21 26 27 28 29 30 31 32 33 34 35 37 38 39 40 41 42 43 44 45 46 47 48 49 50 51 52 53 54 55 56 57 58 59 60 61 62 63 64 68 69 70 71 72 73 74 80 81 82 83 84 90 91 92 93 94,OSGB
Lissotriton helveticus,NHMSYS0020194828,SE,00 01 02 03 04 07 10 11 12 13 14 15 16 17 18 19 20 21 22 23 24 25 26 27 28 29 30 31 32 33 34 35 36 37 38 39 42 43 44 46 47 48 49 57 58 59 67 68 69 76 78 79 88 89 98 99,OSGB
Lissotriton helveticus,NHMSYS0020194828,SH,12 13 22 23 24 27 28 29 32 33 34 36 37 38 39 43 44 45 46 47 48 49 50 51 52 53 54 55 56 57 58 60 61 62 63 64 65 66 67 68 70 71 72 73 74 75 76 77 78 80 81 82 83 84 85 86 87 88 93 94 95 96 97 98,OSGB
Lissotriton helveticus,NHMSYS0020194828,SJ,03 04 05 06 07 08 10 11 12 14 15 16 17 18 20 21 22 23 24 25 26 27 30 31 32 34 35 36 37 38 39 40 48 49 50 58 59 61 68 69 79 80 81 88 89 90 91 92 97 98 99,OSGB
Lissotriton helveticus,NHMSYS0020194828,SK,00 01 02 04 05 06 07 08 09 14 15 16 17 18 19 25 26 27 28 29 32 33 34 35 36 37 38 39 41 42 43 44 45 46 47 48 49 50 51 52 53 54 58 63 64,OSGB
Lissotriton helveticus,NHMSYS0020194828,SM,50 62 70 71 72 73 80 81 82 83 84 90 91 92 93 94,OSGB
Lissotriton helveticus,NHMSYS0020194828,SN,00 01 02 03 04 10 11 13 14 15 20 24 25 30 31 35 45 46 56 57 58 59 65 66 67 68 69 72 76 77 78 79 81 82 83 84 90 91 92 93 94 95 96 97 98,OSGB
Lissotriton helveticus,NHMSYS0020194828,SO,00 01 02 03 04 05 06 07 08 09 10 11 12 13 14 15 16 17 18 19 20 21 22 23 24 25 26 27 28 29 32 34 35 36 37 38 39 43 44 45 46 47 48 49 50 51 53 55 56 57 58 59 60 61 62 63 66 67 68 69 70 71 72 73 74 75 76 77 78 79 80 81 83 84 85 86 87 88 89 90 91 92 96 97 98 99,OSGB
Lissotriton helveticus,NHMSYS0020194828,SP,00 01 02 06 07 08 09 17 18 27 28 37 50 70 80 90 91,OSGB
Lissotriton helveticus,NHMSYS0020194828,SR,89 99,OSGB
Lissotriton helveticus,NHMSYS0020194828,SS,09 10 11 14 19 20 21 22 32 40 41 42 43 44 48 50 51 52 53 54 60 61 63 64 71 72 73 74 80 81 82 83 84 88 90 91 92 93 94 97,OSGB
Lissotriton helveticus,NHMSYS0020194828,ST,00 01 02 03 07 08 09 10 11 13 14 17 18 19 20 21 25 27 28 29 30 32 33 34 35 36 37 38 39 40 42 43 44 45 46 47 48 49 52 53 54 55 56 57 58 59 63 64 65 66 67 68 69 73 74 75 76 77 78 79 87 89 99,OSGB
Lissotriton helveticus,NHMSYS0020194828,SU,00 01 10 11 20 21 30 31 32 36 40 41 42 46 47 50 51 53 56 57 60 65 66 67 68 70 72 73 74 75 76 77 78 79 80 81 82 83 84 85 86 87 88 89 90 91 92 93 94 95 96 97 98 99,OSGB
Lissotriton helveticus,NHMSYS0020194828,SV,80 81 90 91,OSGB
Lissotriton helveticus,NHMSYS0020194828,SW,32 33 42 43 44 52 53 54 61 62 63 64 65 71 72 73 74 75 76 81 82 83 84 85 86 87 93 94 95 96 97 98,OSGB
Lissotriton helveticus,NHMSYS0020194828,SX,03 04 05 06 07 08 09 14 15 16 17 18 19 25 26 27 28 35 36 37 38 39 44 45 46 47 48 49 54 55 56 57 58 59 64 65 66 67 68 69 73 74 75 76 77 78 83 84 85 86 87 88 89 95 96 97 98 99,OSGB
Lissotriton helveticus,NHMSYS0020194828,SY,07 08 09 18 19 28 29 39 48 49 58 59 67 68 78 88 89 98 99,OSGB
Lissotriton helveticus,NHMSYS0020194828,SZ,07 08 09 19 29 38 39 47 48 49 57 58 59 68 69 79 89 99,OSGB
Lissotriton helveticus,NHMSYS0020194828,TA,08 09,OSGB
Lissotriton helveticus,NHMSYS0020194828,TL,00 01 10 11 19 20 21 30 31 40 60 70 80 84 90 91,OSGB
Lissotriton helveticus,NHMSYS0020194828,TM,00 05,OSGB
Lissotriton helveticus,NHMSYS0020194828,TQ,00 01 02 03 04 05 06 07 08 09 10 11 12 13 14 15 16 17 18 19 20 21 22 23 24 25 26 27 28 29 30 31 32 33 34 35 36 37 38 39 40 41 42 43 44 45 46 47 48 49 50 51 52 53 54 55 56 57 58 59 60 61 62 63 64 65 66 67 68 69 70 71 72 73 74 75 76 77 78 79 80 81 82 83 84 85 86 87 88 89 91 92 93 94 95 96 97 98 99,OSGB
Lissotriton helveticus,NHMSYS0020194828,TR,01 02 03 04 05 06 07 09 12 13 14 15 16 23 24 25 26 33 34 35 36,OSGB
Lissotriton helveticus,NHMSYS0020194828,TV,49 59 69,OSGB
Lissotriton vulgaris,NHMSYS0020194827,NJ,06 16 26 36,OSGB
Lissotriton vulgaris,NHMSYS0020194827,NN,70,OSGB
Lissotriton vulgaris,NHMSYS0020194827,NO,00 10 11 12 13 14 20 21 22 23 24 25 30 31 32 33 34 35 40 41 42 43 44 45 50 51 52 53 54 55 60 61 63 64 65 66 74 75 76 87,OSGB
Lissotriton vulgaris,NHMSYS0020194827,NR,44 45 60 61 62 63 64 65 67 70 71 72 73 74 75 76 82 83 84 85 86 92 93 94 95 96 97 98,OSGB
Lissotriton vulgaris,NHMSYS0020194827,NS,02 03 04 05 06 07 10 14 15 16 17 20 21 23 24 25 26 27 28 29 30 31 32 33 34 35 36 37 38 41 42 43 44 45 46 47 48 49 51 52 53 54 55 56 57 58 59 62 64 65 66 67 68 69 71 74 75 76 77 78 79 83 84 85 86 87 88 89 93 94 95 96 97 98 99,OSGB
Lissotriton vulgaris,NHMSYS0020194827,NT,03 04 05 06 07 08 09 13 14 15 16 17 18 19 23 24 25 26 27 28 29 33 35 36 37 39 41 42 43 45 46 47 48 49 51 52 53 56 57 58 59 63 64 65 67 68 69 73 74 75 76 77 82 83 84 85 86 87 92 93 94 95 96,OSGB
Lissotriton vulgaris,NHMSYS0020194827,NU,00 01 02 03 04 05 10 11 12 13 14 20 21 22 23,OSGB
Lissotriton vulgaris,NHMSYS0020194827,NW,96,OSGB
Lissotriton vulgaris,NHMSYS0020194827,NX,04 05 06 07 08 13 14 15 18 19 24 25 29 33 34 36 43 44 45 46 54 55 64 65 66 67 74 75 76 84 85 86 87 90 91 92 93 95 96 97 98,OSGB
Lissotriton vulgaris,NHMSYS0020194827,NY,00 01 02 03 04 05 06 07 10 11 12 13 14 15 16 17 21 22 23 24 25 26 30 31 32 33 34 35 36 37 40 41 42 43 44 45 46 47 50 51 52 53 54 55 56 57 60 61 62 63 64 65 66 70 71 72 73 74 75 76 81 82 83 84 85 86 92 93 94 95 96 97,OSGB
Lissotriton vulgaris,NHMSYS0020194827,NZ,01 02 03 04 05 06 07 10 11 12 13 14 15 16 17 18 19 20 21 22 23 24 25 26 27 28 29 30 31 32 33 34 35 36 37 38 40 41 42 43 44 45 46 50 51 52 53 60 61 62 70 71 72 80 81 90 91,OSGB
Lissotriton vulgaris,NHMSYS0020194827,SD,08 09 16 17 18 19 20 21 26 27 28 29 30 31 32 33 34 35 36 37 38 39 40 41 42 43 44 45 46 47 48 49 50 51 52 53 54 55 56 57 58 59 60 61 62 63 64 66 67 68 69 70 71 72 73 74 76 77 80 81 82 83 84 85 86 90 91 92 93 94 95 98 99,OSGB
Lissotriton vulgaris,NHMSYS0020194827,SE,00 01 02 03 04 05 09 10 11 12 13 14 15 16 17 18 19 20 21 22 23 24 25 26 27 28 29 30 31 32 33 34 35 36 37 38 39 40 41 42 43 44 45 46 47 48 49 50 51 52 53 54 55 56 57 58 59 60 61 62 63 64 65 66 67 68 69 70 71 72 73 74 75 76 77 78 79 80 81 82 83 84 85 86 87 88 89 90 91 92 93 94 95 96 97 98 99,OSGB
Lissotriton vulgaris,NHMSYS0020194827,SH,12 13 22 23 24 27 28 32 33 34 36 37 38 39 43 44 45 46 47 48 49 50 51 52 53 54 55 56 57 58 61 63 64 65 66 67 68 71 75 76 77 78 87 88 97 98,OSGB
Lissotriton vulgaris,NHMSYS0020194827,SJ,00 01 06 07 08 10 11 12 14 15 16 17 18 20 21 22 23 24 25 26 27 28 29 30 31 32 33 34 35 36 37 38 39 40 41 42 43 44 45 46 47 48 49 50 51 52 53 54 55 56 57 58 59 60 61 62 63 64 65 66 67 68 69 70 71 72 73 74 75 76 77 78 79 80 81 82 83 84 85 86 87 88 89 90 91 92 93 94 95 96 97 98 99,OSGB
Lissotriton vulgaris,NHMSYS0020194827,SK,00 01 02 03 04 05 06 07 08 09 10 11 12 13 14 15 16 17 18 19 20 21 22 23 24 25 26 27 28 29 30 31 32 33 34 35 36 37 38 39 40 41 42 43 44 45 46 47 48 49 50 51 52 53 54 55 56 57 58 59 60 61 62 63 64 65 66 67 68 69 70 71 72 73 74 75 76 77 78 79 80 81 82 83 84 85 86 87 88 89 90 91 92 93 94 95 96 97 98 99,OSGB
Lissotriton vulgaris,NHMSYS0020194827,SN,95 96 97 98,OSGB
Lissotriton vulgaris,NHMSYS0020194827,SO,02 03 04 05 06 07 08 09 10 11 12 13 14 15 16 17 18 19 21 22 23 24 25 26 27 28 29 30 31 32 33 34 35 36 37 38 39 40 41 42 43 44 45 46 47 48 49 50 51 52 53 54 55 56 57 58 59 60 61 62 63 64 65 66 67 68 69 70 71 72 73 74 75 76 77 78 79 80 81 82 83 84 85 86 87 88 89 90 91 92 93 94 95 96 97 98 99,OSGB
Lissotriton vulgaris,NHMSYS0020194827,SP,00 01 02 03 04 05 06 07 08 09 10 11 12 13 14 15 16 17 18 19 20 21 22 23 24 25 26 27 28 29 30 31 32 33 34 35 36 37 38 39 40 41 42 43 44 45 46 47 48 49 50 51 52 53 54 55 56 57 58 59 60 61 62 63 64 65 66 67 68 69 70 71 72 73 74 75 76 77 78 79 80 81 82 83 84 85 86 87 88 89 90 91 92 93 94 95 96 97 98 99,OSGB
Lissotriton vulgaris,NHMSYS0020194827,SS,14 20 41 42 43 44 51 53 54 60 62 64 70 71 73 74 77 78 80 81 82 83 84 88 90 91 92 93 94 96 97,OSGB
Lissotriton vulgaris,NHMSYS0020194827,ST,00 01 02 03 04 06 07 10 11 12 13 14 16 17 18 20 21 22 23 24 25 26 27 28 30 31 32 33 34 35 36 37 38 39 40 41 42 43 44 45 46 47 48 49 50 51 52 53 54 55 56 57 58 59 60 61 62 63 64 65 66 67 68 69 70 71 72 73 74 75 76 77 78 79 80 81 82 84 85 86 87 88 89 90 96 97 98 99,OSGB
Lissotriton vulgaris,NHMSYS0020194827,SU,00 01 07 09 10 11 13 18 19 20 21 22 28 29 30 31 32 33 34 36 37 38 39 40 41 42 43 44 45 46 47 48 49 50 51 52 53 55 56 57 58 59 60 61 62 63 65 66 67 68 69 70 71 72 73 74 75 76 77 78 79 80 81 82 83 84 85 86 87 88 89 90 91 92 93 94 95 96 97 98 99,OSGB
Lissotriton vulgaris,NHMSYS0020194827,SW,63 73 74 84 85 86 87 94 95 96 97 98,OSGB
Lissotriton vulgaris,NHMSYS0020194827,SX,04 05 07 08 09 15 16 17 18 19 25 26 27 28 35 36 37 39 44 45 46 47 48 49 54 55 56 57 58 59 64 65 66 67 68 69 73 74 75 76 77 78 79 83 84 85 86 87 88 89 95 96 97 98 99,OSGB
Lissotriton vulgaris,NHMSYS0020194827,SY,07 08 09 18 19 28 29 39 48 49 58 59 66 67 68 69 77 78 79 87 88 89 97 98 99,OSGB
Lissotriton vulgaris,NHMSYS0020194827,SZ,07 08 09 19 28 29 38 39 47 48 49 57 58 59 68 69 79 89 99,OSGB
Lissotriton vulgaris,NHMSYS0020194827,TA,00 01 02 03 04 05 06 07 08 09 10 11 12 13 14 15 16 17 18 20 21 22 23 24 26 27 30 31 32 33 40 41,OSGB
Lissotriton vulgaris,NHMSYS0020194827,TF,00 01 02 03 04 05 06 07 08 09 10 11 12 13 14 15 16 17 18 19 20 21 22 23 24 25 26 27 28 29 30 31 32 33 34 35 36 37 38 39 40 41 44 45 46 47 48 49 50 55 56 57 58 60 61 62 70 71 72 73 80 81 82 83 84 90 91 92 93 94,OSGB
Lissotriton vulgaris,NHMSYS0020194827,TG,00 01 02 03 04 10 11 12 13 14 20 21 22 23 24 30 31 32 33 40 41 42 50 51,OSGB
Lissotriton vulgaris,NHMSYS0020194827,TL,00 01 02 03 04 05 06 07 08 09 10 11 12 13 14 15 16 17 18 19 20 21 22 23 24 25 26 27 28 29 30 31 32 33 34 35 36 37 38 39 40 41 42 43 44 45 46 47 48 49 50 51 52 53 54 55 56 57 58 59 60 61 62 63 64 65 66 67 68 69 70 71 72 73 74 75 76 77 78 79 80 81 82 83 84 85 86 87 88 89 90 91 92 93 94 95 96 97 98 99,OSGB
Lissotriton vulgaris,NHMSYS0020194827,TM,00 01 02 03 04 05 06 07 08 09 11 12 13 14 15 16 17 18 19 21 22 23 24 25 26 27 28 29 33 34 35 36 37 38 39 45 46 47 48 49 57 58 59,OSGB
Lissotriton vulgaris,NHMSYS0020194827,TQ,00 01 02 03 04 05 06 07 08 09 10 11 12 13 14 15 16 17 18 19 20 21 22 23 24 25 26 27 28 29 30 31 32 33 34 35 36 37 38 39 40 41 42 43 44 45 46 47 48 49 50 51 52 53 54 55 56 57 58 59 60 61 62 63 64 65 66 67 68 69 70 71 72 73 74 75 76 77 78 79 80 81 82 83 84 85 86 87 88 89 91 92 93 94 95 96 97 98 99,OSGB
Lissotriton vulgaris,NHMSYS0020194827,TR,01 02 03 04 05 06 07 09 12 13 14 15 16 23 24 25 26 27 33 34 35 36 37 46 47,OSGB
Lissotriton vulgaris,NHMSYS0020194827,TV,49 59 69,OSGB
Lithobates catesbeianus,NHMSYS0020194859,TQ,60 61 70 71 80 81,OSGB
Lithobates catesbeianus,NHMSYS0020194859,TV,69 79,OSGB
Natrix natrix,NHMSYS0000080231,NR,60,OSGB
Natrix natrix,NHMSYS0000080231,NS,24 27 28 34 35 36 37 38 43 45 46 47 48 55 56 57 65 66 67 75 76 84,OSGB
Natrix natrix,NHMSYS0000080231,NY,93 94 96,OSGB
Natrix natrix,NHMSYS0000080231,NZ,02 03 04 05 13 14 15 16 17 27 28,OSGB
Natrix natrix,NHMSYS0000080231,SD,17 18 27 30 33 34 37 38 39 45 46 47 48,OSGB
Natrix natrix,NHMSYS0000080231,SE,20 30 31 32 33 37 40 41 42 43 50 51 52 53 54 55 60 61 62 63 65 70 71 72 73 74 80 81 82 83 90 91 92,OSGB
Natrix natrix,NHMSYS0000080231,SH,12 13 22 23 24 27 28 32 33 34 36 37 38 39 43 44 45 46 47 48 49 50 51 52 53 54 55 56 57 58 60 61 63 64 65 66 67 71 75 76 77 78 86 87 88 97,OSGB
Natrix natrix,NHMSYS0000080231,SJ,00 01 06 07 08 10 11 12 14 15 16 17 18 20 21 22 23 24 25 26 27 28 29 30 31 32 34 35 36 37 38 39 40 43 44 45 46 47 48 50 54 55 56 57 58 60 61 63 64 65 66 67 70 71 72 73 74 75 76 77 80 81 82 83 84 85 86 87 90 91 92 93 94 95 96 97,OSGB
Natrix natrix,NHMSYS0000080231,SK,00 01 02 03 04 05 06 07 08 10 11 12 13 14 15 16 17 18 20 21 22 23 24 25 26 27 28 29 30 31 32 33 34 35 36 37 38 39 40 41 42 43 44 45 46 47 48 49 50 51 52 53 54 55 56 57 58 59 60 61 62 63 64 65 66 67 68 69 70 71 72 73 74 75 76 77 78 79 80 81 82 83 84 85 86 87 88 89 90 91 92 93 94 95 96 97,OSGB
Natrix natrix,NHMSYS0000080231,SM,50 62 70 71 72 73 80 81 82 83 84 90 91 92 93 94,OSGB
Natrix natrix,NHMSYS0000080231,SN,00 01 02 03 04 10 11 13 14 15 20 21 24 25 30 31 40 41 42 50 51 59 61,OSGB
Natrix natrix,NHMSYS0000080231,SO,09 19 20 21 29 30 31 32 33 35 36 37 38 39 40 41 42 43 44 45 46 47 48 49 50 51 52 53 54 55 56 57 58 59 60 61 62 63 64 65 66 67 68 69 70 71 72 73 74 75 76 77 78 79 80 81 82 83 84 85 86 87 88 89 90 91 92 93 94 95 96 97 98 99,OSGB
Natrix natrix,NHMSYS0000080231,SP,00 01 02 03 04 05 06 07 08 09 10 11 12 13 14 15 16 17 18 19 20 21 22 23 24 25 26 27 28 29 30 31 32 33 34 35 36 37 38 39 40 41 42 43 44 45 46 47 48 49 50 51 52 53 54 55 56 57 58 59 60 61 62 63 64 65 66 67 68 69 70 71 72 73 74 75 76 77 78 79 80 81 82 83 84 85 86 87 88 89 90 91 92 93 94 95 96 97 98 99,OSGB
Natrix natrix,NHMSYS0000080231,SR,89 99,OSGB
Natrix natrix,NHMSYS0000080231,SS,09 10 11 14 19 20 21 22 30 31 32 38 39 40 41 42 43 44 48 49 50 51 52 53 54 58 59 60 61 62 68 69 70 78 79 80 84 87 88 90 91 92 93 94 97,OSGB
Natrix natrix,NHMSYS0000080231,ST,00 01 02 03 04 06 07 10 11 12 13 14 16 17 18 20 21 22 23 24 25 27 28 29 30 31 32 33 34 35 36 37 38 39 40 41 42 43 44 45 46 47 48 49 50 51 52 53 54 55 56 57 58 59 60 61 62 63 64 65 66 67 68 69 70 71 72 73 74 75 76 77 78 79 80 81 82 83 84 85 86 87 88 89 90 91 92 93 95 96 98 99,OSGB
Natrix natrix,NHMSYS0000080231,SU,00 01 03 05 08 09 10 11 12 13 18 19 20 21 22 23 29 30 31 32 33 34 36 39 40 41 42 43 44 45 46 47 49 50 51 52 53 56 57 58 59 60 61 62 63 65 66 67 68 69 70 71 72 73 74 75 76 77 78 79 80 81 82 83 84 85 86 87 88 89 90 91 92 93 94 95 96 97 98 99,OSGB
Natrix natrix,NHMSYS0000080231,SW,32 33 42 43 53 54 61 62 63 64 71 72 73 74 75 76 82 83 84 85 86 87 93 94 95 96 97 98,OSGB
Natrix natrix,NHMSYS0000080231,SX,04 05 06 07 08 09 15 16 17 18 19 25 26 27 28 29 35 36 37 38 39 45 46 47 48 54 55 56 57 58 59 64 65 66 67 68 69 73 74 75 76 77 78 79 84 85 86 87 88 89 95 96 97 98 99,OSGB
Natrix natrix,NHMSYS0000080231,SY,07 08 09 18 19 28 29 39 49 58 59 66 67 68 69 78 79 87 88 89 97 98 99,OSGB
Natrix natrix,NHMSYS0000080231,SZ,07 08 09 19 29 38 39 47 48 49 57 58 59 68 69 79 89 99,OSGB
Natrix natrix,NHMSYS0000080231,TA,00 01 02 03 04 05 10 11 12 13 14 15 21 22 23 24 30 31 32 33 40 41,OSGB
Natrix natrix,NHMSYS0000080231,TF,00 01 02 03 04 05 06 07 08 09 10 11 12 13 14 15 16 17 18 19 20 21 22 23 24 25 26 27 28 29 30 31 32 33 34 35 36 37 38 39 40 41 42 43 44 45 46 47 48 49 50 51 55 56 57 58 60 61 62 63 64 70 71 72 73 74 80 81 82 83 84 90 91 92 93 94,OSGB
Natrix natrix,NHMSYS0000080231,TG,00 01 02 03 04 10 11 12 13 14 20 21 22 23 30 31 32 33 40 41 42 50 51,OSGB
Natrix natrix,NHMSYS0000080231,TL,00 01 02 03 04 05 06 07 08 09 10 11 12 13 14 15 16 17 18 19 20 21 22 23 24 25 26 27 28 29 30 31 32 33 34 35 36 37 38 39 40 41 42 43 44 45 46 47 48 49 50 51 52 53 54 55 56 57 58 59 60 61 62 63 64 65 66 67 68 69 70 71 72 73 74 75 76 77 78 79 80 81 82 83 84 85 86 87 88 89 90 91 92 93 94 95 96 97 98 99,OSGB
Natrix natrix,NHMSYS0000080231,TM,00 01 02 03 04 05 06 07 08 09 11 12 13 14 15 16 17 18 19 21 22 23 24 25 26 27 28 29 33 34 35 36 37 38 39 44 45 46 47 48 49 57 58 59,OSGB
Natrix natrix,NHMSYS0000080231,TQ,00 01 02 03 04 05 06 07 08 09 10 11 12 13 14 15 16 17 18 19 20 21 22 23 24 25 26 27 28 29 30 31 32 33 34 35 36 37 38 39 40 41 42 43 44 45 46 47 48 49 50 51 52 53 54 55 56 57 58 59 60 61 62 63 64 65 66 67 68 69 70 71 72 73 74 75 76 77 78 79 80 81 82 83 84 85 86 87 88 89 91 92 93 94 95 96 97 98 99,OSGB
Natrix natrix,NHMSYS0000080231,TR,01 02 03 04 05 06 07 09 12 13 14 15 16 23 24 25 26 27 33 34 35 36 37 46 47,OSGB
Natrix natrix,NHMSYS0000080231,TV,49 59 69,OSGB
Pelophylax ridibundus,NHMSYS0020194860,NX,48 91 92,OSGB
Pelophylax ridibundus,NHMSYS0020194860,SD,08 09 17 18 19 26 27 28 29 37 38 39 47 48 49 57 58 59,OSGB
Pelophylax ridibundus,NHMSYS0020194860,SU,85,OSGB
Pelophylax ridibundus,NHMSYS0020194860,SX,18 97,OSGB
Pelophylax ridibundus,NHMSYS0020194860,SZ,38,OSGB
Pelophylax ridibundus,NHMSYS0020194860,TG,10,OSGB
Pelophylax ridibundus,NHMSYS0020194860,TM,19,OSGB
Pelophylax ridibundus,NHMSYS0020194860,TQ,01 05 07 13 14 17 24 26 27 34 36 37 40 41 48 49 60 63 70 71 81 82 83 86 88 91 92 93 96 97,OSGB
Pelophylax ridibundus,NHMSYS0020194860,TR,01 02 03 04 05 06 13 15 23,OSGB
Rana temporaria,NBNSYS0000005060,HP,50 60,OSGB
Rana temporaria,NBNSYS0000005060,HU,24 25 31 32 33 34 35 36 37 41 42 43 44 45 46 56 59,OSGB
Rana temporaria,NBNSYS0000005060,HY,10 20 30 31 32 54,OSGB
Rana temporaria,NBNSYS0000005060,NB,43 90 91,OSGB
Rana temporaria,NBNSYS0000005060,NC,00 01 02 03 10 11 12 13 14 15 16 20 21 22 23 24 25 26 27 30 31 32 33 34 35 36 37 40 41 42 43 44 45 46 50 51 52 53 54 55 56 60 61 62 63 64 65 66 70 71 72 73 74 75 76 80 81 82 83 84 85 86 90 91 92 93 94 95 96,OSGB
Rana temporaria,NBNSYS0000005060,ND,01 02 03 04 05 06 07 12 13 14 15 16 17 23 24 25 26 27 28 33 34 35 36 37 39 48 49,OSGB
Rana temporaria,NBNSYS0000005060,NG,14 15 20 24 25 26 30 32 33 34 35 36 37 40 41 42 43 44 45 46 47 50 51 52 53 54 55 56 60 61 62 63 64 65 66 70 71 72 73 74 75 76 77 78 80 81 82 83 84 85 86 87 88 89 90 91 92 93 94 95 96 97 98 99,OSGB
Rana temporaria,NBNSYS0000005060,NH,00 01 02 03 04 05 06 07 08 09 10 11 12 13 14 15 16 17 18 19 20 21 22 23 24 25 26 27 28 29 30 31 32 33 34 35 36 37 38 39 40 41 42 43 44 45 46 47 48 49 50 51 52 53 54 55 56 57 58 59 60 61 62 63 64 65 66 67 68 69 70 71 72 73 74 75 76 77 78 79 80 81 82 83 84 85 86 87 88 89 90 91 92 93 94 95 96 98,OSGB
Rana temporaria,NBNSYS0000005060,NJ,00 01 02 03 04 05 06 10 11 12 13 14 15 16 17 20 21 22 23 24 25 26 27 30 31 32 33 34 35 36 40 41 42 43 44 45 46 50 51 52 53 54 55 56 60 61 62 63 64 65 66 70 71 72 73 74 75 76 80 81 82 83 84 85 86 90 91 92 93 94 95 96,OSGB
Rana temporaria,NBNSYS0000005060,NK,02 03 04 05 06 13 14 15,OSGB
Rana temporaria,NBNSYS0000005060,NL,94,OSGB
Rana temporaria,NBNSYS0000005060,NM,04 15 21 22 25 26 31 32 33 34 35 39 41 42 43 44 45 46 47 48 49 51 52 53 54 55 56 57 59 60 61 62 63 64 65 66 67 68 69 70 71 72 73 74 75 76 77 78 79 80 81 82 83 84 85 86 87 88 89 90 91 92 93 94 95 96 97 98 99,OSGB
Rana temporaria,NBNSYS0000005060,NN,00 01 02 03 04 05 06 07 08 09 10 11 12 13 14 15 16 17 18 19 20 21 22 23 24 25 26 27 28 29 30 31 32 33 34 35 36 37 38 39 40 41 42 43 44 45 46 47 48 49 50 51 52 53 54 55 56 57 58 59 60 61 62 63 64 65 66 67 68 69 70 71 72 73 74 75 76 77 78 79 80 81 82 83 84 85 86 87 88 89 90 91 92 93 94 95 96 97 98 99,OSGB
Rana temporaria,NBNSYS0000005060,NO,00 01 02 03 04 05 06 07 08 09 10 11 12 13 14 15 16 17 18 19 20 21 22 23 24 25 26 27 28 29 30 31 32 33 34 35 36 37 38 39 40 41 42 43 44 45 46 47 48 49 50 51 52 53 54 55 56 57 58 59 60 61 63 64 65 66 67 68 69 74 75 76 77 78 79 86 87 88 89 99,OSGB
Rana temporaria,NBNSYS0000005060,NR,15 24 25 26 27 34 35 36 37 38 39 44 45 46 47 48 49 50 51 56 57 58 59 60 61 62 63 64 65 67 68 69 70 71 72 73 74 75 76 77 78 79 82 83 84 85 86 87 88 89 92 93 94 95 96 97 98 99,OSGB
Rana temporaria,NBNSYS0000005060,NS,00 01 02 03 04 05 06 07 08 09 10 14 15 16 17 18 19 20 21 23 24 25 26 27 28 29 30 31 32 33 34 35 36 37 38 39 40 41 42 43 44 45 46 47 48 49 50 51 52 53 54 55 56 57 58 59 60 61 62 63 64 65 66 67 68 69 70 71 72 73 74 75 76 77 78 79 80 81 82 83 84 85 86 87 88 89 90 91 92 93 94 95 96 97 98 99,OSGB
Rana temporaria,NBNSYS0000005060,NT,00 01 02 03 04 05 06 07 08 09 10 11 12 13 14 15 16 17 18 19 20 21 22 23 24 25 26 27 28 29 30 31 32 33 34 35 36 37 39 40 41 42 43 44 45 46 47 48 49 50 51 52 53 54 55 56 57 58 59 60 61 62 63 64 65 66 67 68 69 70 71 72 73 74 75 76 77 80 81 82 83 84 85 86 87 90 91 92 93 94 95 96,OSGB
Rana temporaria,NBNSYS0000005060,NU,00 01 02 03 04 05 10 11 12 13 14 20 21 22 23,OSGB
Rana temporaria,NBNSYS0000005060,NW,95 96 97,OSGB
Rana temporaria,NBNSYS0000005060,NX,03 04 05 06 07 08 09 13 14 15 16 17 18 19 24 25 26 27 28 29 30 33 34 35 36 37 38 39 40 43 44 45 46 47 48 49 54 55 56 57 58 59 64 65 66 67 68 69 74 75 76 77 78 79 84 85 86 87 88 89 90 91 92 93 95 96 97 98 99,OSGB
Rana temporaria,NBNSYS0000005060,NY,00 01 02 03 04 05 06 07 08 09 10 11 12 13 14 15 16 17 18 19 20 21 22 23 24 25 26 27 28 29 30 31 32 33 34 35 36 37 38 39 40 41 42 43 44 45 46 47 48 49 50 51 52 53 54 55 56 57 58 59 60 61 62 63 64 65 66 67 68 69 70 71 72 73 74 75 76 77 78 79 80 81 82 83 84 85 86 87 88 89 90 91 92 93 94 95 96 97 98 99,OSGB
Rana temporaria,NBNSYS0000005060,NZ,00 01 02 03 04 05 06 07 08 09 10 11 12 13 14 15 16 17 18 19 20 21 22 23 24 25 26 27 28 29 30 31 32 33 34 35 36 37 38 40 41 42 43 44 45 46 50 51 52 53 60 61 62 70 71 72 80 81 90 91,OSGB
Rana temporaria,NBNSYS0000005060,SC,16 17 26 27 28 36 37 38 39 47 48 49,OSGB
Rana temporaria,NBNSYS0000005060,SD,08 09 16 17 18 19 20 21 26 27 28 29 30 31 32 33 34 35 36 37 38 39 40 41 42 43 44 45 46 47 48 49 50 51 52 53 54 55 56 57 58 59 60 61 62 63 64 65 66 67 68 69 70 71 72 73 74 75 76 77 78 79 80 81 82 83 84 85 86 87 88 89 90 91 92 93 94 95 96 97 98 99,OSGB
Rana temporaria,NBNSYS0000005060,SE,00 01 02 03 04 05 06 07 08 09 10 11 12 13 14 15 16 17 18 19 20 21 22 23 24 25 26 27 28 29 30 31 32 33 34 35 36 37 38 39 40 41 42 43 44 45 46 47 48 49 50 51 52 53 54 55 56 57 58 59 60 61 62 63 64 65 66 67 68 69 70 71 72 73 74 75 76 77 78 79 80 81 82 83 84 85 86 87 88 89 90 91 92 93 94 95 96 97 98 99,OSGB
Rana temporaria,NBNSYS0000005060,SH,12 13 22 23 24 27 28 29 32 33 34 36 37 38 39 43 44 45 46 47 48 49 50 51 52 53 54 55 56 57 58 60 61 62 63 64 65 66 67 68 70 71 72 73 74 75 76 77 78 80 81 82 83 84 85 86 87 88 90 91 92 93 94 95 96 97 98,OSGB
Rana temporaria,NBNSYS0000005060,SJ,00 01 02 03 04 05 06 07 08 10 11 12 13 14 15 16 17 18 20 21 22 23 24 25 26 27 28 29 30 31 32 33 34 35 36 37 38 39 40 41 42 43 44 45 46 47 48 49 50 51 52 53 54 55 56 57 58 59 60 61 62 63 64 65 66 67 68 69 70 71 72 73 74 75 76 77 78 79 80 81 82 83 84 85 86 87 88 89 90 91 92 93 94 95 96 97 98 99,OSGB
Rana temporaria,NBNSYS0000005060,SK,00 01 02 03 04 05 06 07 08 09 10 11 12 13 14 15 16 17 18 19 20 21 22 23 24 25 26 27 28 29 30 31 32 33 34 35 36 37 38 39 40 41 42 43 44 45 46 47 48 49 50 51 52 53 54 55 56 57 58 59 60 61 62 63 64 65 66 67 68 69 70 71 72 73 74 75 76 77 78 79 80 81 82 83 84 85 86 87 88 89 90 91 92 93 94 95 96 97 98 99,OSGB
Rana temporaria,NBNSYS0000005060,SM,50 62 70 71 72 73 80 81 82 83 84 90 91 92 93 94,OSGB
Rana temporaria,NBNSYS0000005060,SN,00 01 02 03 04 10 11 12 13 14 15 20 21 22 23 24 25 30 31 32 33 34 35 36 40 41 42 43 44 45 46 50 51 52 53 54 55 56 57 58 59 60 61 62 63 64 65 66 67 68 69 70 71 72 73 74 75 76 77 78 79 80 81 82 83 84 85 86 87 88 89 90 91 92 93 94 95 96 97 98 99,OSGB
Rana temporaria,NBNSYS0000005060,SO,00 01 02 03 04 05 06 07 08 09 10 11 12 13 14 15 16 17 18 19 20 21 22 23 24 25 26 27 28 29 30 31 32 33 34 35 36 37 38 39 40 41 42 43 44 45 46 47 48 49 50 51 52 53 54 55 56 57 58 59 60 61 62 63 64 65 66 67 68 69 70 71 72 73 74 75 76 77 78 79 80 81 82 83 84 85 86 87 88 89 90 91 92 93 94 95 96 97 98 99,OSGB
Rana temporaria,NBNSYS0000005060,SP,00 01 02 03 04 05 06 07 08 09 10 11 12 13 14 15 16 17 18 19 20 21 22 23 24 25 26 27 28 29 30 31 32 33 34 35 36 37 38 39 40 41 42 43 44 45 46 47 48 49 50 51 52 53 54 55 56 57 58 59 60 61 62 63 64 65 66 67 68 69 70 71 72 73 74 75 76 77 78 79 80 81 82 83 84 85 86 87 88 89 90 91 92 93 94 95 96 97 98 99,OSGB
Rana temporaria,NBNSYS0000005060,SR,89 99,OSGB
Rana temporaria,NBNSYS0000005060,SS,09 10 11 14 19 20 21 22 30 31 32 38 39 40 41 42 43 44 48 49 50 51 52 53 54 58 59 60 61 62 63 64 68 69 70 71 72 73 74 75 77 78 79 80 81 82 83 84 87 88 89 90 91 92 93 94 96 97 98 99,OSGB
Rana temporaria,NBNSYS0000005060,ST,00 01 02 03 04 06 07 08 09 10 11 12 13 14 16 17 18 19 20 21 22 23 24 25 26 27 28 29 30 31 32 33 34 35 36 37 38 39 40 41 42 43 44 45 46 47 48 49 50 51 52 53 54 55 56 57 58 59 60 61 62 63 64 65 66 67 68 69 70 71 72 73 74 75 76 77 78 79 80 81 82 83 84 85 86 87 88 89 90 91 92 93 94 95 96 97 98 99,OSGB
Rana temporaria,NBNSYS0000005060,SU,00 01 02 03 04 05 06 07 08 09 10 11 12 13 14 15 16 17 18 19 20 21 22 23 24 25 26 27 28 29 30 31 32 33 34 35 36 37 38 39 40 41 42 43 44 45 46 47 48 49 50 51 52 53 54 55 56 57 58 59 60 61 62 63 64 65 66 67 68 69 70 71 72 73 74 75 76 77 78 79 80 81 82 83 84 85 86 87 88 89 90 91 92 93 94 95 96 97 98 99,OSGB
Rana temporaria,NBNSYS0000005060,SV,80 81 90 91,OSGB
Rana temporaria,NBNSYS0000005060,SW,32 33 42 43 44 52 53 54 61 62 63 64 65 71 72 73 74 75 76 81 82 83 84 85 86 87 93 94 95 96 97 98,OSGB
Rana temporaria,NBNSYS0000005060,SX,03 04 05 06 07 08 09 14 15 16 17 18 19 25 26 27 28 29 35 36 37 38 39 44 45 46 47 48 49 54 55 56 57 58 59 63 64 65 66 67 68 69 73 74 75 76 77 78 79 83 84 85 86 87 88 89 94 95 96 97 98 99,OSGB
Rana temporaria,NBNSYS0000005060,SY,07 08 09 18 19 28 29 39 48 49 58 59 66 67 68 69 77 78 79 87 88 89 97 98 99,OSGB
Rana temporaria,NBNSYS0000005060,SZ,07 08 09 19 28 29 38 39 47 48 49 57 58 59 68 69 79 89 99,OSGB
Rana temporaria,NBNSYS0000005060,TA,00 01 02 03 04 05 06 07 08 09 10 11 12 13 14 15 16 17 18 20 21 22 23 24 26 27 30 31 32 33 40 41,OSGB
Rana temporaria,NBNSYS0000005060,TF,00 01 02 03 04 05 06 07 08 09 10 11 12 13 14 15 16 17 18 19 20 21 22 23 24 25 26 27 28 29 30 31 32 33 34 35 36 37 38 39 40 41 42 43 44 45 46 47 48 49 50 51 52 55 56 57 58 60 61 62 63 64 70 71 72 73 74 80 81 82 83 84 90 91 92 93 94,OSGB
Rana temporaria,NBNSYS0000005060,TG,00 01 02 03 04 10 11 12 13 14 20 21 22 23 24 30 31 32 33 40 41 42 50 51,OSGB
Rana temporaria,NBNSYS0000005060,TL,00 01 02 03 04 05 06 07 08 09 10 11 12 13 14 15 16 17 18 19 20 21 22 23 24 25 26 27 28 29 30 31 32 33 34 35 36 37 38 39 40 41 42 43 44 45 46 47 48 49 50 51 52 53 54 55 56 57 58 59 60 61 62 63 64 65 66 67 68 69 70 71 72 73 74 75 76 77 78 79 80 81 82 83 84 85 86 87 88 89 90 91 92 93 94 95 96 97 98 99,OSGB
Rana temporaria,NBNSYS0000005060,TM,00 01 02 03 04 05 06 07 08 09 11 12 13 14 15 16 17 18 19 21 22 23 24 25 26 27 28 29 33 34 35 36 37 38 39 44 45 46 47 48 49 57 58 59,OSGB
Rana temporaria,NBNSYS0000005060,TQ,00 01 02 03 04 05 06 07 08 09 10 11 12 13 14 15 16 17 18 19 20 21 22 23 24 25 26 27 28 29 30 31 32 33 34 35 36 37 38 39 40 41 42 43 44 45 46 47 48 49 50 51 52 53 54 55 56 57 58 59 60 61 62 63 64 65 66 67 68 69 70 71 72 73 74 75 76 77 78 79 80 81 82 83 84 85 86 87 88 89 91 92 93 94 95 96 97 98 99,OSGB
Rana temporaria,NBNSYS0000005060,TR,01 02 03 04 05 06 07 09 12 13 14 15 16 23 24 25 26 27 33 34 35 36 37 46 47,OSGB
Rana temporaria,NBNSYS0000005060,TV,49 59 69,OSGB
Triturus cristatus,NHMSYS0000080156,NO,40 50 51,OSGB
Triturus cristatus,NHMSYS0000080156,NS,35 36 37 38 45 46 47 48 55 56 57 58 59 65 66 67 68 69 75 76 77 78 79 96 97 98,OSGB
Triturus cristatus,NHMSYS0000080156,NT,06 07 08 16 17 18 26 27 28 29 35 36 37 46 47 48 57 58 67 77 96,OSGB
Triturus cristatus,NHMSYS0000080156,NU,04 13 14 20 21 22 23,OSGB
Triturus cristatus,NHMSYS0000080156,NX,43 85 90 91 92 93 95 96,OSGB
Triturus cristatus,NHMSYS0000080156,NY,00 01 02 03 04 05 06 10 12 13 14 15 16 21 22 23 24 25 26 30 31 32 33 34 35 36 40 42 43 44 45 46 51 52 53 54 55 56 60 61 62 70 71 93 96,OSGB
Triturus cristatus,NHMSYS0000080156,NZ,01 02 03 04 05 06 07 10 11 12 13 14 15 16 17 18 20 21 22 23 24 25 26 27 28 29 30 31 32 33 34 35 36 37 38 40 41 42 43 44 45 46 51 52 53 61 62 70 71 80 81 90 91,OSGB
Triturus cristatus,NHMSYS0000080156,SD,08 09 16 17 18 19 20 21 26 27 28 29 30 31 32 33 34 35 36 37 38 39 40 41 42 43 44 45 46 47 48 49 50 51 52 53 54 55 56 57 58 59 60 61 62 63 67 68 69 70 71 72 73 74 80 81 82 83 84 90 91 92 93 94,OSGB
Triturus cristatus,NHMSYS0000080156,SE,01 02 03 04 11 12 13 14 18 19 20 21 22 23 24 25 26 27 28 29 30 31 32 33 34 35 36 37 38 39 40 41 42 43 44 45 46 47 50 51 52 53 54 55 56 57 60 61 62 63 64 65 66 67 70 71 72 73 74 75 76 77 78 79 80 81 82 83 84 85 86 87 88 89 90 91 92 93 94 95 96 97 98 99,OSGB
Triturus cristatus,NHMSYS0000080156,SH,27 28 29 36 37 38 39 46 47 48 49 57 58 67 68 77 78 87 88 97 98,OSGB
Triturus cristatus,NHMSYS0000080156,SJ,06 07 08 10 15 16 17 18 20 21 22 23 24 25 26 27 28 29 30 31 32 33 34 35 36 37 38 39 40 41 42 43 44 45 46 47 48 49 50 51 52 53 54 55 56 57 58 59 60 61 62 63 64 65 66 67 68 69 70 71 72 73 74 75 76 77 78 79 80 81 82 83 84 85 86 87 88 89 90 91 92 93 94 95 96 97 98 99,OSGB
Triturus cristatus,NHMSYS0000080156,SK,00 01 02 03 04 05 06 07 08 10 11 12 13 14 15 16 17 18 20 21 22 23 24 25 26 27 28 29 30 31 32 33 34 35 36 37 38 39 40 41 42 43 44 45 46 47 48 49 50 51 52 53 54 55 56 57 58 59 60 61 62 63 64 65 66 67 68 69 70 71 72 73 74 75 76 77 78 79 80 81 82 83 84 85 86 87 88 89 90 91 92 93 94 95 96 97 98 99,OSGB
Triturus cristatus,NHMSYS0000080156,SN,96 98,OSGB
Triturus cristatus,NHMSYS0000080156,SO,04 05 06 07 08 12 13 14 15 16 17 18 19 20 21 24 25 26 27 28 29 30 31 32 33 34 35 36 37 38 39 40 41 42 43 44 45 46 47 48 49 50 51 52 53 54 55 56 57 58 59 60 61 62 63 64 65 66 67 68 69 70 71 72 73 74 75 76 77 78 79 80 81 82 83 84 85 86 87 88 89 90 91 92 93 94 95 96 97 98 99,OSGB
Triturus cristatus,NHMSYS0000080156,SP,00 01 02 03 04 05 06 07 08 09 10 11 12 13 14 15 16 17 18 19 20 21 22 23 24 25 26 27 28 29 30 31 32 33 34 35 36 37 38 39 40 41 42 43 44 45 46 47 48 49 50 51 52 53 54 55 56 57 58 59 60 61 62 63 64 65 66 67 68 69 70 71 72 73 74 75 76 77 78 79 80 81 82 83 84 85 86 87 88 89 90 91 92 93 94 95 96 97 98 99,OSGB
Triturus cristatus,NHMSYS0000080156,SS,96 97,OSGB
Triturus cristatus,NHMSYS0000080156,ST,01 06 07 11 16 17 18 20 21 22 23 24 25 26 27 28 30 31 32 33 34 35 36 37 38 39 40 41 42 43 44 45 46 47 48 49 50 51 52 53 54 55 56 57 58 59 60 61 62 63 64 65 66 67 68 69 70 71 72 73 74 75 76 77 78 79 80 81 82 84 85 86 87 88 89 90 92 93 94 95 96 97 98 99,OSGB
Triturus cristatus,NHMSYS0000080156,SU,00 01 03 04 05 06 07 08 09 10 11 12 13 14 15 16 17 18 19 20 21 22 23 24 25 26 27 28 29 30 31 32 33 34 36 37 38 39 40 41 42 44 45 46 47 49 50 51 52 53 56 57 58 59 60 61 62 65 66 67 68 69 70 71 72 73 74 75 76 77 78 79 80 81 82 83 84 85 86 87 88 89 90 91 92 93 94 95 96 97 98 99,OSGB
Triturus cristatus,NHMSYS0000080156,SX,87 97 98 99,OSGB
Triturus cristatus,NHMSYS0000080156,SY,08 09 18 19 28 29 39 48 49 58 59 66 67 68 69 77 78 79 87 88 89 97 98 99,OSGB
Triturus cristatus,NHMSYS0000080156,SZ,07 08 09 19 29 38 39 47 48 49 57 58 59 68 69 79 89 99,OSGB
Triturus cristatus,NHMSYS0000080156,TA,00 01 02 03 04 05 06 07 08 09 11 12 13 14 15 16 17 18 20 21 22 23 24 26 27 30 31 32 33 40 41,OSGB
Triturus cristatus,NHMSYS0000080156,TF,00 01 02 03 04 05 06 07 08 09 10 11 13 14 15 16 17 18 19 25 26 27 29 36 37 38 39 41 46 47 48 49 55 56 57 58 60 61 62 63 64 70 71 72 73 74 80 81 82 83 84 90 91 92 93 94,OSGB
Triturus cristatus,NHMSYS0000080156,TG,00 01 02 03 04 10 11 12 13 14 20 21 22 23 24 30 31 32 33 40 41 42 50 51,OSGB
Triturus cristatus,NHMSYS0000080156,TL,00 01 02 03 04 05 06 07 08 09 10 11 12 13 14 15 16 17 18 19 20 21 22 23 24 25 26 27 28 29 30 31 32 33 34 35 36 37 38 39 40 41 42 43 44 45 46 47 48 49 50 51 52 53 54 55 56 57 58 59 60 61 62 63 64 65 66 67 68 69 70 71 72 73 74 75 76 77 78 79 80 81 82 83 84 85 86 87 88 89 90 91 92 93 94 95 96 97 98 99,OSGB
Triturus cristatus,NHMSYS0000080156,TM,00 01 02 03 04 05 06 07 08 09 11 12 13 14 15 16 17 18 19 21 22 23 24 25 26 27 28 29 33 34 35 36 37 38 39 45 46 47 48 49 57 58 59,OSGB
Triturus cristatus,NHMSYS0000080156,TQ,00 01 02 03 04 05 06 07 08 09 10 11 12 13 14 15 16 17 18 19 20 21 22 23 24 25 26 27 28 29 30 31 32 33 34 35 36 37 38 39 40 41 42 43 44 45 46 47 48 49 50 51 52 53 54 55 56 57 58 59 60 61 62 63 64 65 66 67 68 69 70 71 72 73 74 75 76 77 78 79 80 81 82 83 84 85 86 87 88 89 91 92 93 94 95 96 97 98 99,OSGB
Triturus cristatus,NHMSYS0000080156,TR,01 02 03 04 05 06 07 09 12 13 14 15 16 23 24 25 26 33 34 35 36 37 46,OSGB
Triturus cristatus,NHMSYS0000080156,TV,49 59 69,OSGB
Vipera berus,NBNSYS0000005075,NC,23 24 27 33 34 35 36 40 41 42 43 44 46 50 51 52 53 54 55 56 60 61 62 63 64 65 66 70 71 72 73 74 75 76 80 81 82 83 84 85 86 90 91 92 93 94 95 96,OSGB
Vipera berus,NBNSYS0000005075,ND,01 02 03 04 05 06 07 12 13 14 15 16 17 23 24 25 26 27 33 34 35 36 37,OSGB
Vipera berus,NBNSYS0000005075,NH,12 15 20 21 22 23 25 30 31 32 33 34 35 36 41 42 43 44 45 46 52 53 54 55 56 59 62 63 64 65 66 67 68 69 75 76 77 78 79 84 85 86 89 90 94 95,OSGB
Vipera berus,NBNSYS0000005075,NJ,00 04 05 10 11 12 13 14 15 20 21 22 23 24 25 30 31 32 33 34 35 36 40 42 43 44 45 50 54 60,OSGB
Vipera berus,NBNSYS0000005075,NM,32 41 42 43 46 47 52 53 56 57 60 62 63 66 67 70 71 73 75 76 80 81 82 83 90 91 92 93,OSGB
Vipera berus,NBNSYS0000005075,NN,00 01 02 10 11 40 50 60 62 69 70 71 72 74 81 86 87 89 91 92 95 96 97 98 99,OSGB
Vipera berus,NBNSYS0000005075,NO,02 03 04 05 06 07 08 09 13 14 15 16 17 18 19 23 24 25 26 27 28 29 35 36 37 38 39 44 46 47 48 49 54 55 56 57 58 59 67 68 69 77 78 79,OSGB
Vipera berus,NBNSYS0000005075,NR,15 16 24 25 26 27 34 35 36 37 38 39 44 45 46 47 48 49 50 51 56 57 58 59 60 61 62 63 64 65 67 68 69 70 71 72 73 74 75 76 77 78 79 82 83 84 85 86 87 88 89 92 93 94 95 96 97 98 99,OSGB
Vipera berus,NBNSYS0000005075,NS,00 01 02 03 04 05 06 07 08 10 14 15 16 18 19 20 21 24 25 26 28 29 30 31 32 33 38 39 40 41 48 49 50 51 52 58 59 60 61 62 68 69 70 71 79 80 81,OSGB
Vipera berus,NBNSYS0000005075,NT,00 01 02 10 11 12 13 20 21 22 23 24 25 26 30 31 32 33 34 35 36 40 41 42 43 44 45 46 50 51 52 53 54 55 56 60 61 62 63 64 65 66 70 71 72 73 74 75 76 80 81 82 83 84 85 86 90 91 92 93 94 95,OSGB
Vipera berus,NBNSYS0000005075,NU,00 01 02 03 10 11 12,OSGB
Vipera berus,NBNSYS0000005075,NW,95 96 97,OSGB
Vipera berus,NBNSYS0000005075,NX,03 04 05 06 07 08 09 13 14 15 16 17 18 19 24 25 26 27 28 29 33 34 35 36 37 38 39 43 44 45 46 47 48 49 54 55 56 57 58 59 64 65 66 67 68 69 74 75 76 77 78 79 84 85 86 87 88 89 90 91 92 93 95 96 97 98 99,OSGB
Vipera berus,NBNSYS0000005075,NY,00 01 02 03 04 05 06 07 08 09 10 11 12 13 14 15 16 17 18 19 20 21 22 23 24 25 26 27 28 29 30 31 32 33 34 35 36 37 38 39 40 41 42 43 44 45 46 47 48 49 50 51 52 53 54 55 56 57 58 59 61 62 63 64 65 66 67 68 69 71 73 74 75 76 77 78 79 82 83 84 85 86 87 88 89 91 92 93 94 95 96 97 98 99,OSGB
Vipera berus,NBNSYS0000005075,NZ,01 02 03 04 05 06 07 08 09 10 12 13 14 15 16 19 24 25 40 50 51 60 61 62 70 71 80 81 90,OSGB
Vipera berus,NBNSYS0000005075,SD,08 09 16 17 18 19 26 27 28 29 37 38 39 45 46 47 48 49 56 57 58 59 68 69,OSGB
Vipera berus,NBNSYS0000005075,SE,05 09 15 16 17 18 19 25 26 27 28 48 49 57 58 59 63 65 66 67 68 69 70 71 74 78 79 80 81 83 88 89 90 91 98 99,OSGB
Vipera berus,NBNSYS0000005075,SH,12 13 22 23 24 27 28 29 32 33 34 36 37 38 39 43 44 45 46 47 48 49 50 51 52 53 54 55 56 57 58 61 63 64 65 66 67 68 71 74 75 76 77 78 87 88 95 97,OSGB
Vipera berus,NBNSYS0000005075,SJ,06 07 15 16 17 20 21 22 23 24 25 26 31 32 33 34 35 36 40 42 43 44 45 46 50 51 53 54 55 56 57 60 61 63 64 65 66 67 71 72 73 74 75 76 77 80 81 82 83 84 85 86 90 91 92 93 94 95 96,OSGB
Vipera berus,NBNSYS0000005075,SK,00 01 02 03 04 05 06 07 10 11 12 14 15 18 21 22 23 24 28 35 37 38 39 48 49 69 79 87 89 90 91 96 97,OSGB
Vipera berus,NBNSYS0000005075,SM,50 62 70 71 72 73 80 81 82 83 84 90 91 92 93 94,OSGB
Vipera berus,NBNSYS0000005075,SN,00 01 02 03 04 10 11 12 13 14 15 20 21 24 25 30 31 35 36 40 41 50 51 58 59 61 68 69,OSGB
Vipera berus,NBNSYS0000005075,SO,10 12 13 14 19 20 21 24 25 26 29 30 32 35 36 37 38 39 40 46 47 48 49 50 51 53 56 57 58 59 60 61 62 65 66 67 68 69 70 71 72 73 74 76 77 78 79 80 81 86 87 88 89 90 91 92 97 98 99,OSGB
Vipera berus,NBNSYS0000005075,SP,00 01 02 03 07 08 09 11 12 13 17 18 27 28 40 50 80 99,OSGB
Vipera berus,NBNSYS0000005075,SR,89 99,OSGB
Vipera berus,NBNSYS0000005075,SS,09 10 14 19 20 21 22 38 39 41 42 43 44 48 49 52 53 54 58 59 63 64 68 69 73 74 75 77 78 79 80 81 82 83 84 87 88 90 91 92 93 94 96 97,OSGB
Vipera berus,NBNSYS0000005075,ST,00 01 02 03 04 06 07 08 09 10 11 12 13 14 16 17 18 20 21 22 23 24 25 26 27 28 29 30 31 32 33 34 35 36 37 38 39 40 42 43 44 45 46 47 48 49 50 54 55 56 57 58 59 60 64 66 69 74 76 78 79 83 87 89 90 91 92 93 99,OSGB
Vipera berus,NBNSYS0000005075,SU,00 01 02 04 10 11 20 21 22 23 24 25 30 31 32 35 40 41 42 45 46 47 50 51 52 56 57 59 60 61 62 66 67 68 70 71 72 73 75 76 77 78 79 80 81 82 83 84 85 86 87 88 89 90 91 92 93 94 95 96 97 98 99,OSGB
Vipera berus,NBNSYS0000005075,SV,80 81 90 91,OSGB
Vipera berus,NBNSYS0000005075,SW,32 33 42 43 44 52 53 54 61 62 63 64 65 71 72 73 74 75 76 81 82 83 84 85 86 87 93 94 95 96 97 98,OSGB
Vipera berus,NBNSYS0000005075,SX,03 04 05 06 07 08 15 16 17 18 19 25 26 27 28 35 36 37 38 39 44 45 46 47 48 54 55 56 57 58 59 63 64 65 66 67 68 69 73 74 75 76 77 78 79 83 84 85 86 87 88 89 94 95 96 97 98 99,OSGB
Vipera berus,NBNSYS0000005075,SY,07 08 09 18 19 28 29 39 48 49 58 59 66 67 68 69 77 78 79 87 88 89 97 98 99,OSGB
Vipera berus,NBNSYS0000005075,SZ,07 08 09 19 28 29 38 39 47 48 49 57 58 59 68 69 79 89 99,OSGB
Vipera berus,NBNSYS0000005075,TA,01 08 09,OSGB
Vipera berus,NBNSYS0000005075,TF,00 01 09 10 18 26 60 61 62 63 70 71 72 73 74 80 81 82 83 84 90 91 92 93 94,OSGB
Vipera berus,NBNSYS0000005075,TG,00 01 02 03 04 10 11 12 13 14 20 21 22 23 24 30 31 32 33 40 41 42 50 51,OSGB
Vipera berus,NBNSYS0000005075,TL,08 09 14 16 19 25 28 40 60 66 67 69 70 77 78 79 80 81 82 87 88 89 90 91 92 93 97 98 99,OSGB
Vipera berus,NBNSYS0000005075,TM,00 01 02 03 05 07 08 09 11 12 13 14 17 18 19 21 22 23 24 25 28 29 33 34 35 38 39 44 45 46 47 48 49 57 58 59,OSGB
Vipera berus,NBNSYS0000005075,TQ,00 01 02 03 04 05 06 07 08 09 10 11 12 13 14 15 16 17 18 19 20 21 22 23 24 25 26 27 28 29 30 31 32 33 34 35 36 37 38 39 40 41 42 43 44 45 46 47 48 49 50 51 52 53 54 55 56 57 58 59 60 61 62 63 64 65 66 67 68 69 70 71 72 73 74 75 76 77 78 79 80 81 82 83 84 85 86 87 88 89 91 92 93 94 95 96 97 98 99,OSGB
Vipera berus,NBNSYS0000005075,TR,01 02 03 04 05 06 07 09 13 14 15 16 23 24 25 26 33 34 35 36 37,OSGB
Vipera berus,NBNSYS0000005075,TV,49 59 69,OSGB
Zootoca vivipara,NHMSYS0001706186,NC,14 15 23 24 25 26 27 32 33 34 35 36 37 41 42 43 44 45 46 51 52 53 54 55 56 61 62 63 64 65 66 70 71 72 73 74 75 76 80 81 82 83 84 85 86 90 91 92 93 94 95 96,OSGB
Zootoca vivipara,NHMSYS0001706186,ND,01 02 03 04 05 06 12 13 14 15 16 23 24 25 26 34 35,OSGB
Zootoca vivipara,NHMSYS0001706186,NG,20 30 50 51 60 61 83 84 85 93 97,OSGB
Zootoca vivipara,NHMSYS0001706186,NH,21 22 25 30 31 32 33 34 35 36 41 42 43 44 45 46 48 51 52 53 54 55 56 57 59 62 63 64 65 66 67 68 69 70 72 73 74 75 76 77 78 79 80 81 82 83 84 85 86 87 88 89 90 91 92 93 94 95 96 98,OSGB
Zootoca vivipara,NHMSYS0001706186,NJ,00 01 02 03 04 05 06 10 11 12 13 14 15 16 17 20 21 22 23 24 25 26 27 30 31 32 33 34 35 36 40 41 42 43 44 45 46 50 51 52 53 54 55 56 60 61 62 64 65 66 70 81 86,OSGB
Zootoca vivipara,NHMSYS0001706186,NM,34 42 43 46 47 48 49 53 54 55 56 57 62 63 64 65 66 67 68 69 70 71 73 74 75 76 77 78 79 80 81 82 83 84 85 86 90 91 92 93 94 95 96,OSGB
Zootoca vivipara,NHMSYS0001706186,NN,00 01 02 03 04 05 06 07 10 11 12 13 15 16 17 20 21 22 23 30 31 32 33 34 40 41 42 43 44 45 50 51 52 53 54 60 61 62 63 64 65 67 69 70 71 72 73 74 75 76 77 78 79 80 81 82 83 84 85 86 87 88 89 90 91 92 93 94 95 96 97 98 99,OSGB
Zootoca vivipara,NHMSYS0001706186,NO,00 01 02 03 04 05 06 07 08 09 10 11 12 13 14 15 16 17 18 19 20 21 22 23 24 25 26 27 28 29 30 31 32 33 34 35 36 37 38 39 41 42 43 44 45 46 47 48 49 52 53 54 55 56 57 58 59 64 65 66 67 68 69 75 76 77 78 79 87 88,OSGB
Zootoca vivipara,NHMSYS0001706186,NR,15 24 25 26 34 35 36 37 44 45 46 50 51 56 57 60 61 62 63 64 65 67 68 70 71 72 73 74 75 76 77 78 79 82 83 84 85 86 87 88 89 92 93 94 95 96 97 98 99,OSGB
Zootoca vivipara,NHMSYS0001706186,NS,00 02 03 04 05 06 07 08 09 10 14 15 16 17 18 19 20 21 23 24 25 26 27 28 29 30 31 32 33 36 37 38 39 40 41 45 46 47 48 49 50 51 52 53 54 56 57 58 59 60 61 62 63 64 68 69 70 71 72 73 74 79 80 81 82 83 84 89 90 91 92 93 96 97 99,OSGB
Zootoca vivipara,NHMSYS0001706186,NT,00 01 02 03 06 09 10 11 12 13 14 15 16 19 20 21 22 23 24 25 26 30 31 32 33 34 35 40 41 42 43 44 45 46 50 51 52 53 54 55 56 60 61 62 63 64 65 66 70 71 73 74 75 80 81 82 83 86 90 91 92 93 94,OSGB
Zootoca vivipara,NHMSYS0001706186,NU,00 01 02 03 04 10 11 12 13 14 20 21 22 23,OSGB
Zootoca vivipara,NHMSYS0001706186,NW,95 96 97,OSGB
Zootoca vivipara,NHMSYS0001706186,NX,03 04 05 06 07 08 09 13 14 15 16 17 18 19 24 25 26 27 28 29 30 33 34 35 36 37 38 39 40 43 44 45 46 47 48 49 54 55 56 57 58 59 64 65 66 67 68 69 74 75 76 77 78 79 84 85 86 87 88 89 90 91 92 93 95 96 97 98 99,OSGB
Zootoca vivipara,NHMSYS0001706186,NY,00 01 02 03 04 05 06 07 08 09 10 11 12 13 14 15 16 17 18 19 20 21 22 23 24 25 26 27 28 29 30 31 32 33 34 35 36 37 38 39 40 41 42 43 44 45 46 47 48 49 50 51 52 53 54 55 56 57 58 59 60 61 62 63 64 65 66 67 68 69 70 71 72 73 74 75 76 77 78 79 80 81 82 83 84 85 86 87 88 89 90 91 92 93 94 95 96 97 98 99,OSGB
Zootoca vivipara,NHMSYS0001706186,NZ,00 01 02 03 04 05 06 07 08 09 10 12 13 14 15 16 17 18 19 21 22 23 24 25 26 27 28 29 31 32 33 34 35 36 37 38 40 41 42 43 44 45 46 50 51 52 53 60 61 62 70 71 72 80 81 90 91,OSGB
Zootoca vivipara,NHMSYS0001706186,SC,16 17 26 27 28 36 37 38 39 47 48 49,OSGB
Zootoca vivipara,NHMSYS0001706186,SD,08 09 16 17 18 19 20 21 26 27 28 29 30 31 32 33 34 35 36 37 38 39 42 45 46 47 48 49 56 57 58 59 64 65 67 68 69 73 74 75 76 77 78 79 82 83 84 85 86 87 88 89 92 93 94 95 96 97 98 99,OSGB
Zootoca vivipara,NHMSYS0001706186,SE,00 01 02 03 04 05 06 07 08 09 10 14 15 16 17 18 19 20 21 22 25 26 27 28 30 31 35 36 40 41 42 48 49 50 51 52 57 58 59 60 63 64 65 66 67 68 69 70 71 73 74 78 79 80 81 83 88 89 90 91 98 99,OSGB
Zootoca vivipara,NHMSYS0001706186,SH,12 13 22 23 24 27 28 29 32 33 34 36 37 38 39 43 44 45 46 47 48 49 50 51 52 53 54 55 56 57 58 60 61 62 63 64 65 66 67 68 70 71 72 73 74 75 76 77 78 80 81 82 83 84 85 86 87 88 92 93 94 95 96 97 98,OSGB
Zootoca vivipara,NHMSYS0001706186,SJ,00 01 02 03 04 05 06 07 08 10 12 13 14 15 16 17 18 20 21 22 23 24 25 26 27 28 29 30 31 32 33 34 35 36 37 38 39 40 41 48 50 51 52 57 58 60 61 62 70 71 73 74 75 80 82 83 84 85 86 90 91 92 93 94 95 96 97 98,OSGB
Zootoca vivipara,NHMSYS0001706186,SK,00 01 02 03 04 05 06 07 08 09 10 11 12 14 15 16 17 18 19 20 22 23 24 25 26 27 28 29 31 32 33 34 35 36 37 38 39 41 43 44 45 46 47 48 49 50 51 52 53 54 55 56 57 58 59 63 64 65 66 67 68 69 77 78 79 85 86 87 89 90 91 92 94 96 97,OSGB
Zootoca vivipara,NHMSYS0001706186,SM,50 62 70 71 72 73 80 81 82 83 84 90 91 92 93 94,OSGB
Zootoca vivipara,NHMSYS0001706186,SN,00 01 02 03 04 10 11 12 13 14 15 20 21 22 23 24 25 30 31 32 33 34 36 40 41 42 43 44 50 51 53 55 58 59 61 62 63 64 65 66 67 68 69 72 73 74 76 77 78 79 81 82 84 90 92 94 95 96 97 98,OSGB
Zootoca vivipara,NHMSYS0001706186,SO,02 04 05 06 08 09 11 12 13 14 15 16 19 21 23 24 25 26 27 28 29 35 36 37 38 39 46 47 48 49 50 51 53 56 57 58 59 60 61 62 66 67 68 69 70 71 73 74 76 77 78 79 80 81 86 87 88 89 90 91 92 93 96 97 98 99,OSGB
Zootoca vivipara,NHMSYS0001706186,SP,00 01 02 03 06 07 08 09 11 12 13 14 16 17 18 19 20 21 22 23 24 25 26 27 28 29 31 32 33 34 35 36 37 38 39 42 46 47 50 52 54 55 70 74 75 76 80 81 82 83 84 85 86 87 88 90 91 92 93 94 95 96 97 98 99,OSGB
Zootoca vivipara,NHMSYS0001706186,SR,89 99,OSGB
Zootoca vivipara,NHMSYS0001706186,SS,09 10 11 14 19 20 21 22 30 31 32 38 39 40 41 42 43 44 48 49 50 51 52 53 54 58 59 60 61 62 63 64 68 69 70 71 72 73 74 75 77 78 79 80 81 82 83 84 87 88 90 91 92 93 94 96 97,OSGB
Zootoca vivipara,NHMSYS0001706186,ST,00 01 02 03 04 06 10 11 12 13 14 16 17 18 20 21 22 23 26 28 29 30 32 33 34 35 36 38 40 42 43 44 45 46 47 48 49 54 55 56 57 58 59 64 65 66 67 68 73 74 76 77 78 79 87 89 96 99,OSGB
Zootoca vivipara,NHMSYS0001706186,SU,00 01 10 11 12 13 20 21 22 30 31 32 33 34 36 38 39 40 41 42 43 44 46 47 49 50 51 52 53 56 57 58 59 60 61 62 63 65 66 67 68 69 70 71 72 73 74 75 76 77 78 79 80 81 82 83 84 85 86 87 88 89 90 91 92 93 94 95 96 97 98 99,OSGB
Zootoca vivipara,NHMSYS0001706186,SV,80 81 90 91,OSGB
Zootoca vivipara,NHMSYS0001706186,SW,32 33 42 43 44 52 53 54 61 62 63 64 65 71 72 73 74 75 76 81 82 83 84 85 86 87 93 94 95 96 97 98,OSGB
Zootoca vivipara,NHMSYS0001706186,SX,03 04 05 06 07 08 09 14 15 16 17 18 19 25 26 27 28 29 35 36 37 38 39 44 45 46 47 48 49 54 55 56 57 58 59 63 64 65 66 67 68 69 73 74 75 76 77 78 79 83 84 85 86 87 88 89 94 95 96 97 98 99,OSGB
Zootoca vivipara,NHMSYS0001706186,SY,07 08 09 18 19 28 29 39 48 49 58 59 66 67 68 77 78 87 88 89 97 98 99,OSGB
Zootoca vivipara,NHMSYS0001706186,SZ,07 08 09 19 28 29 38 39 47 48 49 57 58 59 68 69 79 89 99,OSGB
Zootoca vivipara,NHMSYS0001706186,TA,01 08 09 10 21 30 31 32 40 41,OSGB
Zootoca vivipara,NHMSYS0001706186,TF,00 01 02 04 06 09 10 18 19 25 26 41 49 55 56 58 60 61 62 63 64 70 71 72 73 74 80 81 82 83 84 90 91 92 93 94,OSGB
Zootoca vivipara,NHMSYS0001706186,TG,00 01 02 03 04 10 11 12 13 14 20 21 22 23 24 30 31 32 33 40 41 42 50 51,OSGB
Zootoca vivipara,NHMSYS0001706186,TL,00 01 02 03 04 05 06 07 08 09 10 11 12 13 14 15 16 17 18 19 20 21 22 23 24 25 26 27 28 29 30 31 32 33 34 35 36 37 38 40 41 42 43 44 45 46 48 50 51 52 53 54 55 56 57 60 61 62 63 64 65 66 67 68 69 70 71 72 73 74 75 76 77 78 79 80 81 82 83 84 85 86 87 88 89 90 91 92 93 94 95 96 97 98 99,OSGB
Zootoca vivipara,NHMSYS0001706186,TM,00 01 02 03 04 05 06 07 08 09 11 12 13 14 15 16 17 18 19 21 22 23 24 25 26 27 28 29 33 34 35 36 37 38 39 44 45 46 47 48 49 57 58 59,OSGB
Zootoca vivipara,NHMSYS0001706186,TQ,00 01 02 03 04 05 06 07 08 09 10 11 12 13 14 15 16 17 18 19 20 21 22 23 24 25 26 27 28 29 30 31 32 33 34 35 36 37 38 39 40 41 42 43 44 45 46 47 48 49 50 51 52 53 54 55 56 57 58 59 60 61 62 63 64 65 66 67 68 69 70 71 72 73 74 75 76 77 78 79 80 81 82 83 84 85 86 87 88 89 91 92 93 94 95 96 97 98 99,OSGB
Zootoca vivipara,NHMSYS0001706186,TR,01 02 03 04 05 06 07 09 12 13 14 15 16 23 24 25 26 27 33 34 35 36 37 46 47,OSGB
Zootoca vivipara,NHMSYS0001706186,TV,49 59 69,OSGB
