"file","error_msg","column_identifier"
"rules_as_csv/Aquatic Heteroptera Recording Scheme/AHRS/tenkm.csv","TVKs are present in tenkm.csv but are not present in id_difficulty.csv","MM0001Z1H00231Z0"
"rules_as_csv/Auchenorrhyncha Recording Scheme/ARS/tenkm.csv","TVKs are present in tenkm.csv but are not present in id_difficulty.csv","NHMSYS0020924573
	NHMSYS0020924609
	NHMSYS0020924633
	NHMSYS0020924645
	NHMSYS0020924657
	NHMSYS0020924681
	NHMSYS0020924713
	NHMSYS0020977163
	NHMSYS0020977552
	NHMSYS0021126499"
"rules_as_csv/Bees, Wasps and Ants Recording Scheme/BWARS/id_difficulty.csv","TVKs are duplicated","NHMSYS0000875934"
"rules_as_csv/Bees, Wasps and Ants Recording Scheme/BWARS/id_difficulty.csv","TVKs are linked to more than 1 name","NHMSYS0000875934"
"rules_as_csv/Bees, Wasps and Ants Recording Scheme/BWARS/id_difficulty.csv","Names are linked to more than 1 TVK","Eumenes coarctatus"
"rules_as_csv/Bees, Wasps and Ants Recording Scheme/BWARS/periodwithinyear.csv","Contains duplicated tvk and stage combination","NHMSYS0000875934"
"rules_as_csv/Bees, Wasps and Ants Recording Scheme/BWARS/periodwithinyear.csv","TVKs are present in periodwithinyear.csv but are not present in id_difficulty.csv","NHMSYS0000873270
	NHMSYS0000873272
	NHMSYS0020936540
	NHMSYS0020936552
	NHMSYS0020936618"
"rules_as_csv/Bees, Wasps and Ants Recording Scheme/BWARS/tenkm.csv","TVKs are present in tenkm.csv but are not present in id_difficulty.csv","NHMSYS0000875699
	NHMSYS0020936540
	NHMSYS0020936546
	NHMSYS0020936618"
"rules_as_csv/Botanical Society of Britain and Ireland/BSBI/id_difficulty.csv","TVKs are duplicated","NBNSYS0000002234
	NBNSYS0000002626
	NBNSYS0000003567
	NBNSYS0000004483
	NHMSYS0000459041"
"rules_as_csv/Botanical Society of Britain and Ireland/BSBI/id_difficulty.csv","TVKs are linked to more than 1 name","NBNSYS0000002234
	NBNSYS0000002626
	NBNSYS0000003567
	NBNSYS0000004483
	NHMSYS0000459041"
"rules_as_csv/Botanical Society of Britain and Ireland/BSBI/id_difficulty.csv","Names are linked to more than 1 TVK","Aira caryophyllea
	Arctium minus
	Epilobium tetragonum
	Geranium purpureum
	Juncus bulbosus"
"rules_as_csv/Botanical Society of Britain and Ireland/BSBI/tenkm.csv","TVKs are present in tenkm.csv but are not present in id_difficulty.csv","
	MM0001Z1V44971ZJ
	NBNSYS0000002039
	NBNSYS0000002044
	NBNSYS0000002056
	NBNSYS0000002121
	NBNSYS0000002157
	NBNSYS0000002167
	NBNSYS0000002179
	NBNSYS0000002243
	NBNSYS0000002256
	NBNSYS0000002258
	NBNSYS0000002261
	NBNSYS0000002274
	NBNSYS0000002276
	NBNSYS0000002325
	NBNSYS0000002463
	NBNSYS0000002491
	NBNSYS0000002616
	NBNSYS0000002662
	NBNSYS0000002735
	NBNSYS0000002751
	NBNSYS0000002765
	NBNSYS0000002766
	NBNSYS0000002843
	NBNSYS0000002857
	NBNSYS0000002860
	NBNSYS0000002892
	NBNSYS0000002894
	NBNSYS0000002979
	NBNSYS0000002989
	NBNSYS0000002990
	NBNSYS0000003008
	NBNSYS0000003081
	NBNSYS0000003138
	NBNSYS0000003270
	NBNSYS0000003287
	NBNSYS0000003292
	NBNSYS0000003338
	NBNSYS0000003395
	NBNSYS0000003433
	NBNSYS0000003463
	NBNSYS0000003566
	NBNSYS0000003602
	NBNSYS0000003649
	NBNSYS0000003650
	NBNSYS0000003726
	NBNSYS0000003787
	NBNSYS0000003808
	NBNSYS0000003905
	NBNSYS0000004029
	NBNSYS0000004058
	NBNSYS0000004083
	NBNSYS0000004189
	NBNSYS0000004221
	NBNSYS0000004250
	NBNSYS0000004262
	NBNSYS0000004270
	NBNSYS0000004303
	NBNSYS0000004308
	NBNSYS0000004396
	NBNSYS0000004423
	NBNSYS0000004425
	NBNSYS0000004504
	NBNSYS0000004525
	NBNSYS0000004645
	NBNSYS0000004652
	NBNSYS0000004740
	NBNSYS0000004837
	NBNSYS0000004843
	NBNSYS0000004870
	NBNSYS0000004875
	NBNSYS0000004910
	NBNSYS0000004933
	NBNSYS0000004959
	NBNSYS0000004997
	NBNSYS0000005398
	NBNSYS0000005420
	NBNSYS0000005423
	NBNSYS0000005446
	NBNSYS0000005461
	NBNSYS0000005472
	NBNSYS0000005676
	NBNSYS0000013907
	NBNSYS0000013919
	NBNSYS0000013920
	NBNSYS0000013941
	NBNSYS0000013953
	NBNSYS0000013965
	NBNSYS0000013987
	NBNSYS0000013998
	NBNSYS0000014028
	NBNSYS0000014067
	NBNSYS0000014094
	NBNSYS0000014107
	NBNSYS0000014116
	NBNSYS0000014140
	NBNSYS0000014169
	NBNSYS0000014178
	NBNSYS0000014182
	NBNSYS0000014191
	NBNSYS0000014195
	NBNSYS0000014241
	NBNSYS0000014243
	NBNSYS0000014260
	NBNSYS0000014272
	NBNSYS0000014330
	NBNSYS0000014369
	NBNSYS0000014399
	NBNSYS0000014404
	NBNSYS0000014415
	NBNSYS0000014422
	NBNSYS0000014444
	NBNSYS0000014479
	NBNSYS0000014501
	NBNSYS0000014548
	NBNSYS0000014571
	NBNSYS0000014579
	NBNSYS0000014580
	NBNSYS0000014601
	NBNSYS0000014617
	NBNSYS0000014622
	NBNSYS0000014629
	NBNSYS0000014677
	NBNSYS0000014714
	NBNSYS0000014716
	NBNSYS0000014760
	NBNSYS0000014777
	NBNSYS0000014845
	NBNSYS0000014858
	NBNSYS0000014877
	NBNSYS0000014916
	NBNSYS0000014928
	NBNSYS0000033354
	NBNSYS0000033355
	NBNSYS0000033405
	NBNSYS0000033410
	NBNSYS0000033455
	NBNSYS0000033459
	NBNSYS0000033463
	NBNSYS0000033501
	NBNSYS0000033534
	NBNSYS0000033567
	NBNSYS0000033573
	NBNSYS0000033587
	NBNSYS0000033594
	NBNSYS0000033606
	NBNSYS0000033669
	NBNSYS0000033728
	NBNSYS0000033734
	NBNSYS0000033756
	NBNSYS0000033775
	NBNSYS0000033782
	NBNSYS0000033815
	NBNSYS0000033821
	NBNSYS0000033918
	NBNSYS0000033933
	NBNSYS0000033950
	NBNSYS0000033999
	NBNSYS0000034009
	NBNSYS0000034013
	NBNSYS0000034026
	NBNSYS0000034073
	NBNSYS0000034078
	NBNSYS0000034150
	NBNSYS0000034159
	NBNSYS0000034161
	NBNSYS0000034211
	NBNSYS0000034270
	NBNSYS0000034272
	NBNSYS0000034291
	NBNSYS0000034312
	NBNSYS0000034315
	NBNSYS0000034349
	NBNSYS0000034371
	NBNSYS0000034385
	NBNSYS0000034389
	NBNSYS0000034394
	NBNSYS0000034410
	NBNSYS0000034441
	NBNSYS0000034448
	NBNSYS0000039527
	NBNSYS0000039919
	NBNSYS0000042039
	NBNSYS0000042041
	NBNSYS0000042043
	NBNSYS0000042046
	NBNSYS0000042049
	NBNSYS0000042050
	NBNSYS0000042051
	NBNSYS0000042052
	NBNSYS0000042053
	NBNSYS0000042054
	NBNSYS0000042056
	NBNSYS0000042058
	NBNSYS0000042071
	NBNSYS0000042072
	NBNSYS0000042076
	NBNSYS0000042079
	NBNSYS0000042080
	NBNSYS0000042083
	NBNSYS0000042087
	NBNSYS0000042092
	NBNSYS0000042098
	NBNSYS0000042109
	NBNSYS0000042115
	NBNSYS0000042126
	NBNSYS0000042129
	NBNSYS0000042131
	NBNSYS0000042137
	NBNSYS0000042143
	NBNSYS0000042149
	NBNSYS0000042156
	NBNSYS0000042159
	NBNSYS0000042161
	NBNSYS0000042166
	NBNSYS0000042173
	NBNSYS0000042189
	NBNSYS0000042209
	NBNSYS0000042213
	NBNSYS0000042217
	NBNSYS0000042220
	NBNSYS0000042400
	NBNSYS0000042402
	NBNSYS0000042407
	NBNSYS0000042604
	NBNSYS0000042610
	NBNSYS0000042612
	NBNSYS0000143890
	NBNSYS0000155555
	NBNSYS0000156748
	NBNSYS0000156751
	NBNSYS0000158900
	NBNSYS0000161397
	NBNSYS0000161415
	NBNSYS0000161419
	NBNSYS0000161433
	NBNSYS0000161434
	NBNSYS0000161443
	NBNSYS0000161444
	NBNSYS0000161448
	NBNSYS0000161451
	NBNSYS0000161452
	NBNSYS0000161459
	NBNSYS0000161465
	NBNSYS0000161487
	NBNSYS0000161511
	NBNSYS0000161519
	NBNSYS0000161533
	NBNSYS0000161570
	NBNSYS0000161593
	NBNSYS0000161596
	NBNSYS0000161613
	NBNSYS0000161615
	NBNSYS0000161618
	NBNSYS0000161621
	NBNSYS0000161624
	NBNSYS0000161625
	NBNSYS0000161628
	NBNSYS0000161634
	NBNSYS0000161650
	NBNSYS0000161651
	NBNSYS0000161658
	NBNSYS0000161662
	NBNSYS0000161666
	NBNSYS0000161667
	NBNSYS0000161668
	NBNSYS0000161669
	NBNSYS0000161670
	NBNSYS0000161671
	NBNSYS0000161673
	NBNSYS0000161674
	NBNSYS0000161676
	NBNSYS0000161679
	NBNSYS0000161685
	NBNSYS0000161690
	NBNSYS0000161694
	NBNSYS0000161695
	NBNSYS0000161696
	NBNSYS0000161700
	NBNSYS0000161706
	NBNSYS0000161707
	NBNSYS0000161725
	NBNSYS0000161728
	NBNSYS0000161733
	NBNSYS0000161746
	NBNSYS0000161747
	NBNSYS0000161748
	NBNSYS0000161749
	NBNSYS0000161752
	NBNSYS0000161771
	NBNSYS0000161773
	NBNSYS0000161787
	NBNSYS0000161791
	NBNSYS0000161795
	NBNSYS0000161802
	NBNSYS0000161821
	NBNSYS0000161861
	NBNSYS0000161862
	NBNSYS0000161876
	NBNSYS0000161887
	NBNSYS0000161890
	NBNSYS0000161899
	NBNSYS0000161904
	NBNSYS0000161906
	NBNSYS0000161907
	NBNSYS0000161912
	NBNSYS0000161914
	NBNSYS0000161917
	NBNSYS0000161965
	NBNSYS0000161986
	NBNSYS0000162016
	NBNSYS0000162034
	NBNSYS0000162060
	NBNSYS0000162061
	NBNSYS0000162066
	NBNSYS0000162068
	NBNSYS0000162069
	NBNSYS0000162071
	NBNSYS0000162082
	NBNSYS0000162085
	NBNSYS0000162111
	NBNSYS0000162112
	NBNSYS0000162113
	NBNSYS0000162115
	NBNSYS0000162119
	NBNSYS0000162120
	NBNSYS0000162122
	NBNSYS0000162123
	NBNSYS0000162126
	NBNSYS0000162127
	NBNSYS0000162128
	NBNSYS0000162129
	NBNSYS0000162131
	NBNSYS0000162135
	NBNSYS0000162136
	NBNSYS0000162139
	NBNSYS0000162142
	NBNSYS0000162144
	NBNSYS0000162145
	NBNSYS0000162147
	NBNSYS0000162148
	NBNSYS0100003037
	NBNSYS0100003038
	NBNSYS0100003039
	NBNSYS0100003040
	NBNSYS0100003041
	NBNSYS0100003042
	NBNSYS0100003043
	NBNSYS0100003044
	NBNSYS0100003046
	NBNSYS0100003117
	NBNSYS0100003118
	NBNSYS0100003119
	NBNSYS0100003120
	NBNSYS0100003122
	NBNSYS0100003123
	NBNSYS0100003124
	NBNSYS0100003125
	NBNSYS0100003126
	NBNSYS0100003127
	NBNSYS0100003128
	NBNSYS0100003129
	NBNSYS0100003130
	NBNSYS0100003131
	NBNSYS0100003132
	NBNSYS0100003133
	NBNSYS0100003134
	NBNSYS0100003135
	NBNSYS0100003136
	NBNSYS0100003138
	NBNSYS0100003139
	NBNSYS0100003231
	NBNSYS0100005189
	NBNSYS0100005369
	NBNSYS0100005942
	NBNSYS0200001642
	NBNSYS0200001644
	NBNSYS0200001645
	NBNSYS0200001651
	NBNSYS0200001662
	NBNSYS0200001663
	NBNSYS0200001668
	NBNSYS0200001672
	NBNSYS0200001673
	NBNSYS0200001697
	NBNSYS0200001698
	NBNSYS0200001706
	NBNSYS0200001714
	NBNSYS0200001719
	NBNSYS0200001722
	NBNSYS0200001736
	NBNSYS0200001739
	NBNSYS0200001741
	NBNSYS0200001745
	NBNSYS0200001748
	NBNSYS0200001751
	NBNSYS0200001752
	NBNSYS0200001765
	NBNSYS0200001767
	NBNSYS0200001768
	NBNSYS0200001771
	NBNSYS0200001775
	NBNSYS0200001780
	NBNSYS0200001787
	NBNSYS0200001794
	NBNSYS0200001795
	NBNSYS0200001809
	NBNSYS0200001817
	NBNSYS0200001825
	NBNSYS0200001826
	NBNSYS0200001835
	NBNSYS0200001837
	NBNSYS0200001854
	NBNSYS0200001878
	NBNSYS0200001880
	NBNSYS0200001913
	NBNSYS0200001921
	NBNSYS0200001955
	NBNSYS0200001959
	NBNSYS0200001961
	NBNSYS0200001986
	NBNSYS0200002004
	NBNSYS0200002034
	NBNSYS0200002036
	NBNSYS0200002055
	NBNSYS0200002056
	NBNSYS0200002057
	NBNSYS0200002062
	NBNSYS0200002070
	NBNSYS0200002088
	NBNSYS0200002120
	NBNSYS0200002121
	NBNSYS0200002147
	NBNSYS0200002151
	NBNSYS0200002161
	NBNSYS0200002169
	NBNSYS0200002173
	NBNSYS0200002174
	NBNSYS0200002181
	NBNSYS0200002204
	NBNSYS0200002206
	NBNSYS0200002214
	NBNSYS0200002222
	NBNSYS0200002229
	NBNSYS0200002240
	NBNSYS0200002241
	NBNSYS0200002251
	NBNSYS0200002265
	NBNSYS0200002268
	NBNSYS0200002290
	NBNSYS0200002293
	NBNSYS0200002301
	NBNSYS0200002303
	NBNSYS0200002311
	NBNSYS0200002323
	NBNSYS0200002328
	NBNSYS0200002356
	NBNSYS0200002357
	NBNSYS0200002362
	NBNSYS0200002365
	NBNSYS0200002369
	NBNSYS0200002376
	NBNSYS0200002377
	NBNSYS0200002385
	NBNSYS0200002392
	NBNSYS0200002393
	NBNSYS0200002396
	NBNSYS0200002435
	NBNSYS0200002436
	NBNSYS0200002440
	NBNSYS0200002446
	NBNSYS0200002449
	NBNSYS0200002450
	NBNSYS0200002452
	NBNSYS0200002455
	NBNSYS0200002457
	NBNSYS0200002460
	NBNSYS0200002461
	NBNSYS0200002464
	NBNSYS0200002532
	NBNSYS0200002543
	NBNSYS0200002544
	NBNSYS0200002552
	NBNSYS0200002554
	NBNSYS0200002585
	NBNSYS0200002586
	NBNSYS0200002588
	NBNSYS0200002589
	NBNSYS0200002590
	NBNSYS0200002600
	NBNSYS0200002601
	NBNSYS0200002602
	NBNSYS0200002603
	NBNSYS0200002608
	NBNSYS0200002615
	NBNSYS0200002617
	NBNSYS0200002618
	NBNSYS0200002620
	NBNSYS0200002627
	NBNSYS0200002632
	NBNSYS0200002633
	NBNSYS0200002634
	NBNSYS0200002660
	NBNSYS0200002669
	NBNSYS0200002671
	NBNSYS0200002672
	NBNSYS0200002685
	NBNSYS0200002687
	NBNSYS0200002723
	NBNSYS0200002725
	NBNSYS0200002729
	NBNSYS0200002750
	NBNSYS0200002756
	NBNSYS0200002775
	NBNSYS0200002780
	NBNSYS0200002789
	NBNSYS0200002792
	NBNSYS0200002793
	NBNSYS0200002799
	NBNSYS0200002808
	NBNSYS0200002816
	NBNSYS0200002837
	NBNSYS0200002842
	NBNSYS0200002845
	NBNSYS0200002853
	NBNSYS0200002858
	NBNSYS0200002863
	NBNSYS0200002866
	NBNSYS0200002867
	NBNSYS0200002871
	NBNSYS0200002878
	NBNSYS0200002884
	NBNSYS0200002892
	NBNSYS0200002895
	NBNSYS0200002905
	NBNSYS0200002933
	NBNSYS0200002945
	NBNSYS0200002948
	NBNSYS0200002962
	NBNSYS0200002964
	NBNSYS0200002969
	NBNSYS0200002970
	NBNSYS0200002971
	NBNSYS0200002975
	NBNSYS0200002976
	NBNSYS0200002984
	NBNSYS0200002995
	NBNSYS0200003016
	NBNSYS0200003020
	NBNSYS0200003021
	NBNSYS0200003040
	NBNSYS0200003041
	NBNSYS0200003044
	NBNSYS0200003051
	NBNSYS0200003056
	NBNSYS0200003060
	NBNSYS0200003065
	NBNSYS0200003066
	NBNSYS0200003069
	NBNSYS0200003075
	NBNSYS0200003079
	NBNSYS0200003081
	NBNSYS0200003095
	NBNSYS0200003103
	NBNSYS0200003117
	NBNSYS0200003123
	NBNSYS0200003141
	NBNSYS0200003150
	NBNSYS0200003151
	NBNSYS0200003152
	NBNSYS0200003155
	NBNSYS0200003158
	NBNSYS0200003165
	NBNSYS0200003169
	NBNSYS0200003171
	NBNSYS0200003177
	NBNSYS0200003183
	NBNSYS0200003186
	NBNSYS0200003189
	NBNSYS0200003192
	NBNSYS0200003206
	NBNSYS0200003207
	NBNSYS0200003230
	NBNSYS0200003235
	NBNSYS0200003237
	NBNSYS0200003239
	NBNSYS0200003242
	NBNSYS0200003276
	NBNSYS0200003280
	NBNSYS0200003285
	NBNSYS0200003293
	NBNSYS0200003304
	NBNSYS0200003317
	NBNSYS0200003321
	NBNSYS0200003323
	NBNSYS0200003329
	NBNSYS0200003340
	NBNSYS0200003342
	NBNSYS0200003346
	NBNSYS0200003349
	NBNSYS0200003351
	NBNSYS0200003353
	NBNSYS0200003361
	NBNSYS0200003364
	NBNSYS0200003373
	NBNSYS0200003374
	NBNSYS0200003380
	NBNSYS0200003391
	NBNSYS0200003401
	NBNSYS0200003431
	NBNSYS0200003452
	NBNSYS0200003472
	NBNSYS0200003474
	NBNSYS0200003478
	NBNSYS0200003481
	NBNSYS0200003484
	NBNSYS0200003485
	NBNSYS0200003487
	NBNSYS0200003489
	NBNSYS0200003491
	NBNSYS0200003498
	NBNSYS0200003500
	NBNSYS0200003502
	NBNSYS0200003513
	NBNSYS0200003518
	NBNSYS0200003522
	NBNSYS0200003523
	NBNSYS0200003524
	NBNSYS0200003531
	NBNSYS0200003539
	NBNSYS0200003544
	NBNSYS0200003553
	NBNSYS0200003564
	NBNSYS0200003567
	NBNSYS0200003576
	NBNSYS0200003587
	NBNSYS0200003589
	NBNSYS0200003594
	NBNSYS0200003601
	NBNSYS0200003612
	NBNSYS0200003614
	NBNSYS0200003615
	NBNSYS0200003617
	NBNSYS0200003645
	NBNSYS0200003668
	NBNSYS0200003671
	NBNSYS0200003674
	NBNSYS0200003682
	NBNSYS0200003689
	NBNSYS0200003700
	NBNSYS0200003712
	NBNSYS0200003716
	NBNSYS0200003733
	NBNSYS0200003737
	NBNSYS0200003758
	NBNSYS0200003759
	NBNSYS0200003765
	NBNSYS0200003766
	NBNSYS0200003770
	NBNSYS0200003788
	NBNSYS0200003795
	NBNSYS0200003810
	NBNSYS0200003813
	NBNSYS0200003820
	NBNSYS0200003822
	NBNSYS0200003826
	NBNSYS0200003830
	NBNSYS0200003842
	NBNSYS0200003845
	NBNSYS0200003848
	NBNSYS0200003855
	NBNSYS0200003863
	NBNSYS0200003865
	NBNSYS0200003871
	NBNSYS0200003881
	NBNSYS0200003882
	NBNSYS0200003883
	NBNSYS0200003888
	NBNSYS0200003889
	NBNSYS0500000006
	NBNSYS0500000313
	NBNSYS0500000358
	NHMSYS0000344809
	NHMSYS0000345175
	NHMSYS0000345257
	NHMSYS0000345305
	NHMSYS0000345610
	NHMSYS0000345662
	NHMSYS0000352722
	NHMSYS0000455482
	NHMSYS0000455486
	NHMSYS0000455514
	NHMSYS0000455515
	NHMSYS0000455516
	NHMSYS0000455534
	NHMSYS0000455536
	NHMSYS0000455564
	NHMSYS0000455621
	NHMSYS0000455622
	NHMSYS0000455631
	NHMSYS0000455654
	NHMSYS0000455678
	NHMSYS0000455682
	NHMSYS0000455774
	NHMSYS0000455828
	NHMSYS0000455878
	NHMSYS0000455893
	NHMSYS0000455896
	NHMSYS0000455945
	NHMSYS0000455948
	NHMSYS0000455956
	NHMSYS0000455991
	NHMSYS0000456031
	NHMSYS0000456053
	NHMSYS0000456109
	NHMSYS0000456142
	NHMSYS0000456246
	NHMSYS0000456258
	NHMSYS0000456265
	NHMSYS0000456286
	NHMSYS0000456287
	NHMSYS0000456302
	NHMSYS0000456313
	NHMSYS0000456331
	NHMSYS0000456341
	NHMSYS0000456344
	NHMSYS0000456467
	NHMSYS0000456508
	NHMSYS0000456511
	NHMSYS0000456583
	NHMSYS0000456657
	NHMSYS0000456660
	NHMSYS0000456692
	NHMSYS0000456821
	NHMSYS0000456830
	NHMSYS0000456839
	NHMSYS0000456860
	NHMSYS0000456904
	NHMSYS0000456906
	NHMSYS0000456908
	NHMSYS0000456911
	NHMSYS0000456951
	NHMSYS0000456967
	NHMSYS0000457012
	NHMSYS0000457018
	NHMSYS0000457051
	NHMSYS0000457052
	NHMSYS0000457060
	NHMSYS0000457243
	NHMSYS0000457259
	NHMSYS0000457260
	NHMSYS0000457261
	NHMSYS0000457271
	NHMSYS0000457304
	NHMSYS0000457306
	NHMSYS0000457340
	NHMSYS0000457366
	NHMSYS0000457368
	NHMSYS0000457377
	NHMSYS0000457380
	NHMSYS0000457469
	NHMSYS0000457484
	NHMSYS0000457510
	NHMSYS0000457524
	NHMSYS0000457627
	NHMSYS0000457672
	NHMSYS0000457676
	NHMSYS0000457679
	NHMSYS0000457711
	NHMSYS0000457799
	NHMSYS0000457822
	NHMSYS0000457825
	NHMSYS0000457960
	NHMSYS0000457961
	NHMSYS0000457970
	NHMSYS0000458079
	NHMSYS0000458115
	NHMSYS0000458179
	NHMSYS0000458182
	NHMSYS0000458252
	NHMSYS0000458263
	NHMSYS0000458288
	NHMSYS0000458290
	NHMSYS0000458303
	NHMSYS0000458315
	NHMSYS0000458380
	NHMSYS0000458438
	NHMSYS0000458443
	NHMSYS0000458462
	NHMSYS0000458502
	NHMSYS0000458507
	NHMSYS0000458508
	NHMSYS0000458511
	NHMSYS0000458520
	NHMSYS0000458524
	NHMSYS0000458540
	NHMSYS0000458548
	NHMSYS0000458569
	NHMSYS0000458582
	NHMSYS0000458591
	NHMSYS0000458595
	NHMSYS0000458604
	NHMSYS0000458615
	NHMSYS0000458624
	NHMSYS0000458632
	NHMSYS0000458634
	NHMSYS0000458651
	NHMSYS0000458678
	NHMSYS0000458681
	NHMSYS0000458747
	NHMSYS0000458758
	NHMSYS0000458771
	NHMSYS0000458788
	NHMSYS0000458846
	NHMSYS0000458878
	NHMSYS0000458879
	NHMSYS0000458905
	NHMSYS0000458912
	NHMSYS0000458929
	NHMSYS0000458942
	NHMSYS0000458970
	NHMSYS0000458977
	NHMSYS0000458986
	NHMSYS0000459012
	NHMSYS0000459036
	NHMSYS0000459074
	NHMSYS0000459091
	NHMSYS0000459167
	NHMSYS0000459169
	NHMSYS0000459171
	NHMSYS0000459181
	NHMSYS0000459182
	NHMSYS0000459184
	NHMSYS0000459233
	NHMSYS0000459236
	NHMSYS0000459245
	NHMSYS0000459256
	NHMSYS0000459280
	NHMSYS0000459296
	NHMSYS0000459297
	NHMSYS0000459430
	NHMSYS0000459458
	NHMSYS0000459704
	NHMSYS0000459801
	NHMSYS0000459821
	NHMSYS0000459822
	NHMSYS0000459823
	NHMSYS0000459824
	NHMSYS0000459872
	NHMSYS0000459879
	NHMSYS0000459890
	NHMSYS0000459912
	NHMSYS0000459966
	NHMSYS0000460067
	NHMSYS0000460088
	NHMSYS0000460103
	NHMSYS0000460188
	NHMSYS0000460216
	NHMSYS0000460246
	NHMSYS0000460271
	NHMSYS0000460272
	NHMSYS0000460302
	NHMSYS0000460303
	NHMSYS0000460324
	NHMSYS0000460338
	NHMSYS0000460359
	NHMSYS0000460360
	NHMSYS0000460361
	NHMSYS0000460362
	NHMSYS0000460363
	NHMSYS0000460370
	NHMSYS0000460371
	NHMSYS0000460373
	NHMSYS0000460377
	NHMSYS0000460409
	NHMSYS0000460472
	NHMSYS0000460517
	NHMSYS0000460550
	NHMSYS0000460562
	NHMSYS0000460568
	NHMSYS0000460571
	NHMSYS0000460572
	NHMSYS0000460581
	NHMSYS0000460583
	NHMSYS0000460606
	NHMSYS0000460634
	NHMSYS0000460642
	NHMSYS0000460672
	NHMSYS0000460703
	NHMSYS0000460736
	NHMSYS0000460742
	NHMSYS0000460761
	NHMSYS0000460779
	NHMSYS0000460807
	NHMSYS0000460834
	NHMSYS0000460835
	NHMSYS0000460843
	NHMSYS0000460873
	NHMSYS0000460950
	NHMSYS0000460957
	NHMSYS0000460962
	NHMSYS0000460980
	NHMSYS0000461074
	NHMSYS0000461078
	NHMSYS0000461094
	NHMSYS0000461095
	NHMSYS0000461155
	NHMSYS0000461157
	NHMSYS0000461167
	NHMSYS0000461179
	NHMSYS0000461186
	NHMSYS0000461199
	NHMSYS0000461223
	NHMSYS0000461236
	NHMSYS0000461249
	NHMSYS0000461252
	NHMSYS0000461258
	NHMSYS0000461261
	NHMSYS0000461266
	NHMSYS0000461267
	NHMSYS0000461275
	NHMSYS0000461279
	NHMSYS0000461315
	NHMSYS0000461379
	NHMSYS0000461383
	NHMSYS0000461412
	NHMSYS0000461443
	NHMSYS0000461444
	NHMSYS0000461517
	NHMSYS0000461525
	NHMSYS0000461556
	NHMSYS0000461595
	NHMSYS0000461613
	NHMSYS0000461614
	NHMSYS0000461648
	NHMSYS0000461653
	NHMSYS0000461690
	NHMSYS0000461715
	NHMSYS0000461726
	NHMSYS0000461738
	NHMSYS0000461771
	NHMSYS0000461789
	NHMSYS0000461970
	NHMSYS0000462046
	NHMSYS0000462107
	NHMSYS0000462151
	NHMSYS0000462205
	NHMSYS0000462213
	NHMSYS0000462214
	NHMSYS0000462216
	NHMSYS0000462342
	NHMSYS0000462368
	NHMSYS0000462375
	NHMSYS0000462432
	NHMSYS0000462434
	NHMSYS0000462451
	NHMSYS0000462467
	NHMSYS0000462481
	NHMSYS0000462483
	NHMSYS0000462484
	NHMSYS0000462494
	NHMSYS0000462729
	NHMSYS0000462940
	NHMSYS0000462966
	NHMSYS0000462967
	NHMSYS0000462991
	NHMSYS0000463045
	NHMSYS0000463046
	NHMSYS0000463060
	NHMSYS0000463070
	NHMSYS0000463085
	NHMSYS0000463090
	NHMSYS0000463105
	NHMSYS0000463110
	NHMSYS0000463194
	NHMSYS0000463282
	NHMSYS0000463378
	NHMSYS0000463403
	NHMSYS0000463463
	NHMSYS0000463569
	NHMSYS0000463570
	NHMSYS0000463583
	NHMSYS0000463615
	NHMSYS0000463626
	NHMSYS0000463734
	NHMSYS0000463744
	NHMSYS0000463778
	NHMSYS0000463897
	NHMSYS0000463975
	NHMSYS0000464004
	NHMSYS0000464035
	NHMSYS0000464047
	NHMSYS0000464164
	NHMSYS0000464168
	NHMSYS0000464196
	NHMSYS0000464217
	NHMSYS0000464235
	NHMSYS0000464253
	NHMSYS0000464255
	NHMSYS0000464270
	NHMSYS0000464279
	NHMSYS0000464304
	NHMSYS0000464321
	NHMSYS0000464400
	NHMSYS0000464422
	NHMSYS0000464473
	NHMSYS0000464570
	NHMSYS0000464572
	NHMSYS0000464581
	NHMSYS0000464588
	NHMSYS0000464596
	NHMSYS0000464619
	NHMSYS0000464620
	NHMSYS0000464649
	NHMSYS0000464664
	NHMSYS0000464737
	NHMSYS0000464810
	NHMSYS0000464815
	NHMSYS0000464818
	NHMSYS0000464860
	NHMSYS0000464932
	NHMSYS0000465080
	NHMSYS0000465088
	NHMSYS0000465229
	NHMSYS0000465232
	NHMSYS0000494973
	NHMSYS0000494978
	NHMSYS0000523329
	NHMSYS0000840655
	NHMSYS0000840730
	NHMSYS0000840731
	NHMSYS0000840738
	NHMSYS0000840755
	NHMSYS0000840787
	NHMSYS0000840793
	NHMSYS0000840807
	NHMSYS0000840815
	NHMSYS0000840825
	NHMSYS0000840837
	NHMSYS0000840841
	NHMSYS0000840878
	NHMSYS0000840920
	NHMSYS0000840922
	NHMSYS0000840937
	NHMSYS0001754310
	NHMSYS0001754311
	NHMSYS0001754312
	NHMSYS0001754313
	NHMSYS0001754314
	NHMSYS0001754337
	NHMSYS0001754341
	NHMSYS0001754342
	NHMSYS0001754343
	NHMSYS0001754345
	NHMSYS0001754346
	NHMSYS0001754347
	NHMSYS0001754348
	NHMSYS0001754349
	NHMSYS0001754350
	NHMSYS0001754351
	NHMSYS0001754352
	NHMSYS0001754354
	NHMSYS0001754355
	NHMSYS0001754356
	NHMSYS0001754358
	NHMSYS0001754359
	NHMSYS0001754360
	NHMSYS0001754361
	NHMSYS0001754362
	NHMSYS0001754363
	NHMSYS0001754364
	NHMSYS0001754365
	NHMSYS0001754366
	NHMSYS0001754367
	NHMSYS0001754368
	NHMSYS0001754369
	NHMSYS0001754370
	NHMSYS0001754371
	NHMSYS0001754372
	NHMSYS0001754373
	NHMSYS0001754374
	NHMSYS0001754375
	NHMSYS0001754376
	NHMSYS0001754377
	NHMSYS0001754378
	NHMSYS0001754379
	NHMSYS0001754380
	NHMSYS0001754381
	NHMSYS0001754383
	NHMSYS0001754384
	NHMSYS0001754385
	NHMSYS0001754386
	NHMSYS0001754387
	NHMSYS0001754388
	NHMSYS0001754389
	NHMSYS0001754390
	NHMSYS0001754391
	NHMSYS0001754392
	NHMSYS0001754393
	NHMSYS0001754394
	NHMSYS0001754395
	NHMSYS0001754396
	NHMSYS0001754397
	NHMSYS0001754398
	NHMSYS0001754399
	NHMSYS0001754400
	NHMSYS0001754401
	NHMSYS0001754402
	NHMSYS0001754403
	NHMSYS0001754404
	NHMSYS0001754405
	NHMSYS0001754407
	NHMSYS0001754408
	NHMSYS0001754409
	NHMSYS0001754410
	NHMSYS0001754411
	NHMSYS0001754412
	NHMSYS0001754413
	NHMSYS0001754414
	NHMSYS0001754415
	NHMSYS0001754416
	NHMSYS0001754417
	NHMSYS0001754418
	NHMSYS0001754419
	NHMSYS0001754420
	NHMSYS0001754421
	NHMSYS0001754422
	NHMSYS0001754423
	NHMSYS0001754424
	NHMSYS0001754425
	NHMSYS0001754426
	NHMSYS0001754427
	NHMSYS0001754428
	NHMSYS0001754429
	NHMSYS0001754430
	NHMSYS0001754431
	NHMSYS0001754433
	NHMSYS0001754435
	NHMSYS0001754436
	NHMSYS0001754437
	NHMSYS0001754438
	NHMSYS0001754439
	NHMSYS0001754442
	NHMSYS0001754443
	NHMSYS0001754444
	NHMSYS0001754445
	NHMSYS0001754446
	NHMSYS0001754447
	NHMSYS0001754449
	NHMSYS0001754450
	NHMSYS0001754451
	NHMSYS0001754452
	NHMSYS0001754453
	NHMSYS0001754454
	NHMSYS0001754455
	NHMSYS0001754456
	NHMSYS0001754457
	NHMSYS0001754458
	NHMSYS0001754459
	NHMSYS0001754460
	NHMSYS0001754462
	NHMSYS0001754463
	NHMSYS0001754464
	NHMSYS0001754465
	NHMSYS0001754466
	NHMSYS0001754467
	NHMSYS0001754468
	NHMSYS0001754469
	NHMSYS0001754470
	NHMSYS0001754472
	NHMSYS0001754473
	NHMSYS0001754474
	NHMSYS0001754475
	NHMSYS0001754477
	NHMSYS0001754478
	NHMSYS0001754479
	NHMSYS0001754480
	NHMSYS0001754481
	NHMSYS0001754482
	NHMSYS0001754483
	NHMSYS0001754484
	NHMSYS0001754485
	NHMSYS0001754486
	NHMSYS0001754487
	NHMSYS0001754489
	NHMSYS0001754490
	NHMSYS0001754491
	NHMSYS0001754492
	NHMSYS0001754493
	NHMSYS0001754494
	NHMSYS0001754495
	NHMSYS0001754496
	NHMSYS0001754497
	NHMSYS0001754499
	NHMSYS0001754501
	NHMSYS0001754502
	NHMSYS0001754503
	NHMSYS0001754504
	NHMSYS0001754505
	NHMSYS0001754506
	NHMSYS0001754507
	NHMSYS0001754508
	NHMSYS0001754509
	NHMSYS0001754510
	NHMSYS0001754511
	NHMSYS0001754512
	NHMSYS0001754513
	NHMSYS0001754514
	NHMSYS0001754515
	NHMSYS0001754516
	NHMSYS0001754517
	NHMSYS0001754518
	NHMSYS0001754520
	NHMSYS0001754521
	NHMSYS0001754522
	NHMSYS0001754523
	NHMSYS0001754524
	NHMSYS0001754525
	NHMSYS0001754527
	NHMSYS0001754528
	NHMSYS0001754529
	NHMSYS0001754530
	NHMSYS0001754531
	NHMSYS0001754532
	NHMSYS0001754533
	NHMSYS0001754534
	NHMSYS0001754535
	NHMSYS0001754536
	NHMSYS0001754537
	NHMSYS0001754538
	NHMSYS0001754539
	NHMSYS0001754540
	NHMSYS0001754541
	NHMSYS0001754542
	NHMSYS0001754543
	NHMSYS0001754544
	NHMSYS0001754545
	NHMSYS0001754546
	NHMSYS0001754547
	NHMSYS0001754548
	NHMSYS0001754549
	NHMSYS0001754550
	NHMSYS0001754551
	NHMSYS0001754552
	NHMSYS0001754553
	NHMSYS0001754554
	NHMSYS0001754555
	NHMSYS0001754556
	NHMSYS0001754557
	NHMSYS0001754558
	NHMSYS0001754559
	NHMSYS0001754560
	NHMSYS0001754561
	NHMSYS0001754562
	NHMSYS0001754563
	NHMSYS0001754564
	NHMSYS0001754565
	NHMSYS0001754566
	NHMSYS0001754567
	NHMSYS0001754569
	NHMSYS0001754570
	NHMSYS0001754571
	NHMSYS0001754572
	NHMSYS0001754573
	NHMSYS0001754574
	NHMSYS0001754575
	NHMSYS0001754576
	NHMSYS0001754577
	NHMSYS0001754578
	NHMSYS0001754579
	NHMSYS0001754580
	NHMSYS0001754581
	NHMSYS0001754582
	NHMSYS0001754583
	NHMSYS0001754584
	NHMSYS0001754585
	NHMSYS0001754586
	NHMSYS0001754587
	NHMSYS0001754588
	NHMSYS0001754589
	NHMSYS0001754590
	NHMSYS0001754591
	NHMSYS0001754592
	NHMSYS0001754593
	NHMSYS0001754594
	NHMSYS0001754595
	NHMSYS0001754599
	NHMSYS0001754600
	NHMSYS0001754601
	NHMSYS0001754602
	NHMSYS0001754604
	NHMSYS0001754605
	NHMSYS0001754606
	NHMSYS0001754607
	NHMSYS0001754608
	NHMSYS0001754609
	NHMSYS0001754610
	NHMSYS0001754611
	NHMSYS0001754612
	NHMSYS0001754613
	NHMSYS0001754614
	NHMSYS0001754617
	NHMSYS0001754618
	NHMSYS0001754619
	NHMSYS0001754621
	NHMSYS0001754622
	NHMSYS0001754623
	NHMSYS0001754624
	NHMSYS0001754626
	NHMSYS0001754627
	NHMSYS0001754628
	NHMSYS0001754629
	NHMSYS0001754630
	NHMSYS0001754631
	NHMSYS0001754632
	NHMSYS0001754633
	NHMSYS0001754634
	NHMSYS0001754635
	NHMSYS0001754636
	NHMSYS0001754637
	NHMSYS0001754638
	NHMSYS0001754639
	NHMSYS0001754640
	NHMSYS0001754641
	NHMSYS0001754642
	NHMSYS0001754643
	NHMSYS0001754645
	NHMSYS0001754646
	NHMSYS0001754647
	NHMSYS0001754648
	NHMSYS0001754649
	NHMSYS0001754652
	NHMSYS0001754653
	NHMSYS0001754654
	NHMSYS0001754655
	NHMSYS0001754656
	NHMSYS0001754657
	NHMSYS0001754658
	NHMSYS0001754659
	NHMSYS0001754660
	NHMSYS0001754662
	NHMSYS0001754663
	NHMSYS0001754664
	NHMSYS0001754665
	NHMSYS0001754666
	NHMSYS0001754667
	NHMSYS0001754668
	NHMSYS0001754669
	NHMSYS0001754670
	NHMSYS0001754671
	NHMSYS0001754672
	NHMSYS0001754673
	NHMSYS0001754674
	NHMSYS0001754675
	NHMSYS0001754676
	NHMSYS0001754677
	NHMSYS0001754678
	NHMSYS0001754680
	NHMSYS0001754681
	NHMSYS0001754682
	NHMSYS0001754683
	NHMSYS0001754684
	NHMSYS0001754687
	NHMSYS0001754688
	NHMSYS0001754689
	NHMSYS0001754690
	NHMSYS0001754691
	NHMSYS0001754692
	NHMSYS0001754693
	NHMSYS0001754694
	NHMSYS0001754695
	NHMSYS0001754696
	NHMSYS0001754697
	NHMSYS0001754698
	NHMSYS0001754699
	NHMSYS0001754700
	NHMSYS0001754701
	NHMSYS0001754702
	NHMSYS0001754703
	NHMSYS0001754704
	NHMSYS0001754705
	NHMSYS0001754706
	NHMSYS0001754707
	NHMSYS0001754708
	NHMSYS0001754709
	NHMSYS0001754710
	NHMSYS0001754711
	NHMSYS0001754712
	NHMSYS0001754713
	NHMSYS0001754714
	NHMSYS0001754715
	NHMSYS0001754716
	NHMSYS0001754717
	NHMSYS0001754718
	NHMSYS0001754719
	NHMSYS0001754720
	NHMSYS0001754721
	NHMSYS0001754722
	NHMSYS0001754723
	NHMSYS0001754724
	NHMSYS0001754725
	NHMSYS0001754726
	NHMSYS0001754727
	NHMSYS0001754728
	NHMSYS0001754729
	NHMSYS0001754730
	NHMSYS0001754731
	NHMSYS0001754732
	NHMSYS0001754733
	NHMSYS0001754734
	NHMSYS0001754735
	NHMSYS0001754736
	NHMSYS0001754737
	NHMSYS0001754738
	NHMSYS0001754739
	NHMSYS0001754740
	NHMSYS0001754741
	NHMSYS0001754742
	NHMSYS0001754743
	NHMSYS0001754744
	NHMSYS0001754745
	NHMSYS0001754746
	NHMSYS0001754747
	NHMSYS0001754748
	NHMSYS0001754749
	NHMSYS0001754750
	NHMSYS0001754751
	NHMSYS0001754752
	NHMSYS0001754753
	NHMSYS0001754754
	NHMSYS0001754755
	NHMSYS0001754756
	NHMSYS0001754757
	NHMSYS0001754758
	NHMSYS0001754759
	NHMSYS0001754760
	NHMSYS0001754761
	NHMSYS0001754762
	NHMSYS0001754763
	NHMSYS0001754764
	NHMSYS0001754765
	NHMSYS0001754766
	NHMSYS0001754767
	NHMSYS0001754768
	NHMSYS0001754769
	NHMSYS0001754770
	NHMSYS0001754771
	NHMSYS0001754773
	NHMSYS0001754774
	NHMSYS0001754775
	NHMSYS0001754776
	NHMSYS0001754777
	NHMSYS0001754778
	NHMSYS0001754779
	NHMSYS0001754780
	NHMSYS0001754781
	NHMSYS0001754782
	NHMSYS0001754783
	NHMSYS0001754784
	NHMSYS0001754785
	NHMSYS0001754786
	NHMSYS0001754787
	NHMSYS0001754788
	NHMSYS0001754789
	NHMSYS0001754790
	NHMSYS0001754791
	NHMSYS0001754792
	NHMSYS0001754793
	NHMSYS0001754794
	NHMSYS0001754795
	NHMSYS0001754796
	NHMSYS0001754797
	NHMSYS0001754798
	NHMSYS0001754799
	NHMSYS0001754800
	NHMSYS0001754801
	NHMSYS0001754802
	NHMSYS0001754803
	NHMSYS0001754804
	NHMSYS0001754805
	NHMSYS0001754806
	NHMSYS0001754807
	NHMSYS0001754808
	NHMSYS0001754809
	NHMSYS0001754811
	NHMSYS0001754812
	NHMSYS0001754813
	NHMSYS0001754814
	NHMSYS0001754815
	NHMSYS0001754816
	NHMSYS0001754817
	NHMSYS0001754818
	NHMSYS0001754819
	NHMSYS0001754820
	NHMSYS0001754822
	NHMSYS0001754823
	NHMSYS0001754824
	NHMSYS0001754825
	NHMSYS0020082395
	NHMSYS0020110544
	NHMSYS0020110556
	NHMSYS0020110558
	NHMSYS0020110560
	NHMSYS0020110561
	NHMSYS0020110562
	NHMSYS0020110579
	NHMSYS0020110580
	NHMSYS0020110581
	NHMSYS0020110582
	NHMSYS0020110583
	NHMSYS0020110584
	NHMSYS0020110585
	NHMSYS0020110594
	NHMSYS0020112215
	NHMSYS0020112216
	NHMSYS0020112220
	NHMSYS0020112221
	NHMSYS0020112222
	NHMSYS0020112223
	NHMSYS0020112229
	NHMSYS0020116740
	NHMSYS0020116813
	NHMSYS0020193660
	NHMSYS0020823733
	NHMSYS0020823740
	NHMSYS0020823742
	NHMSYS0020823748
	NHMSYS0020823754
	NHMSYS0020823755
	NHMSYS0020823761
	NHMSYS0020823766
	NHMSYS0020823774
	NHMSYS0020823776
	NHMSYS0020823777
	NHMSYS0020978920
	NHMSYS0021005429
	NHMSYS0021007982
	NHMSYS0021007988
	NHMSYS0021008313
	NHMSYS0021123603
	NHMSYS0021123729
	NHMSYS0021126116
	NHMSYS0021126128
	NHMSYS0021126165
	NHMSYS0021126192
	NHMSYS0021126204
	NHMSYS0021126272
	NHMSYS0021126291
	NHMSYS0021126306
	NHMSYS0021126338
	NHMSYS0021126355
	NHMSYS0021126374
	NHMSYS0021126395
	NHMSYS0021126407
	NHMSYS0021127602
	NHMSYS0021127626
	NHMSYS0021127653
	NHMSYS0021127705
	NHMSYS0021128332
	NHMSYS0021128349
	NHMSYS0021128433
	NHMSYS0021128485
	NHMSYS0021128500
	NHMSYS0021128571
	NHMSYS0021164547
	NHMSYS0021164553
	NHMSYS0021164559
	NHMSYS0021177416
	NHMSYS0021240659
	NHMSYS0021240704
	NHMSYS0021240709
	NHMSYS0021240714
	NHMSYS0021240774
	NHMSYS0021240894
	NHMSYS0021240899
	NHMSYS0100000571
	NHMSYS0100000580
	NHMSYS0100000583
	NHMSYS0100000728
	NHMSYS0100000915
	NHMSYS0100000921
	NHMSYS0100001007
	NHMSYS0100001054
	NHMSYS0100001074
	NHMSYS0100001112
	NHMSYS0100001127
	NHMSYS0100001142
	NHMSYS0100001156
	NHMSYS0100001163
	NHMSYS0100001259
	NHMSYS0100001291
	NHMSYS0100001292
	NHMSYS0100001402
	NHMSYS0100001405
	NHMSYS0100001406
	NHMSYS0100001502
	NHMSYS0100001533
	NHMSYS0100001535
	NHMSYS0100001563
	NHMSYS0100001604
	NHMSYS0100001644
	NHMSYS0100001676
	NHMSYS0100001684
	NHMSYS0100001738
	NHMSYS0100001785
	NHMSYS0100001815
	NHMSYS0100001824
	NHMSYS0100001868
	NHMSYS0100001930
	NHMSYS0100001973
	NHMSYS0100002053
	NHMSYS0100002100
	NHMSYS0100002159
	NHMSYS0100002199
	NHMSYS0100002421
	NHMSYS0100002551
	NHMSYS0100002643
	NHMSYS0100002653
	NHMSYS0100002654
	NHMSYS0100002707
	NHMSYS0100002708
	NHMSYS0100002709
	NHMSYS0100002713
	NHMSYS0100002714
	NHMSYS0100002715
	NHMSYS0100002716
	NHMSYS0100002719
	NHMSYS0100002720
	NHMSYS0100002721
	NHMSYS0100002764
	NHMSYS0100002772
	NHMSYS0100002825
	NHMSYS0100002826
	NHMSYS0100002828
	NHMSYS0100002830
	NHMSYS0100002833
	NHMSYS0100002836
	NHMSYS0100002896
	NHMSYS0100002977
	NHMSYS0100002981
	NHMSYS0100003014
	NHMSYS0100003022
	NHMSYS0100003052
	NHMSYS0100003091
	NHMSYS0100003147
	NHMSYS0100003177
	NHMSYS0100003189
	NHMSYS0100003204
	NHMSYS0100003226
	NHMSYS0100003303"
"rules_as_csv/Botanical Society of Britain and Ireland/BSBI/period.csv","TVKs are present in period.csv but are not present in id_difficulty.csv","NBNSYS0000002179
	NBNSYS0000002258
	NBNSYS0000002261
	NBNSYS0000002860
	NBNSYS0000003138
	NBNSYS0000004262
	NBNSYS0000004423
	NBNSYS0000004843
	NBNSYS0000004997
	NBNSYS0000005398
	NBNSYS0000013907
	NBNSYS0000014028
	NBNSYS0000014140
	NBNSYS0000014195
	NBNSYS0000014304
	NBNSYS0000014369
	NBNSYS0000014416
	NBNSYS0000014579
	NBNSYS0000014601
	NBNSYS0000014714
	NBNSYS0000014845
	NBNSYS0000014877
	NBNSYS0000033406
	NBNSYS0000033519
	NBNSYS0000033567
	NBNSYS0000033950
	NBNSYS0000034009
	NBNSYS0000034150
	NBNSYS0000034312
	NBNSYS0000034315
	NBNSYS0000034371
	NBNSYS0000042602
	NBNSYS0000142699
	NBNSYS0000156748
	NBNSYS0200003138
	NBNSYS0500000272
	NHMSYS0000345175
	NHMSYS0000345305
	NHMSYS0000455878
	NHMSYS0000456258
	NHMSYS0000456508
	NHMSYS0000457259
	NHMSYS0000457260
	NHMSYS0000457261
	NHMSYS0000458079
	NHMSYS0000458632
	NHMSYS0000458681
	NHMSYS0000458846
	NHMSYS0000459012
	NHMSYS0000459233
	NHMSYS0000459236
	NHMSYS0000460271
	NHMSYS0000460517
	NHMSYS0000460720
	NHMSYS0000460873
	NHMSYS0000461094
	NHMSYS0000461525
	NHMSYS0000461613
	NHMSYS0000463181
	NHMSYS0000464664
	NHMSYS0000523330
	NHMSYS0020110560
	NHMSYS0020110562
	NHMSYS0020110594
	NHMSYS0020116740
	NHMSYS0020823740
	NHMSYS0020823774
	NHMSYS0020823776
	NHMSYS0020823777
	NHMSYS0021008313
	NHMSYS0021126116
	NHMSYS0021126165
	NHMSYS0021126291
	NHMSYS0021126306
	NHMSYS0021126355
	NHMSYS0021127626
	NHMSYS0021128485
	NHMSYS0021177416
	NHMSYS0021240894
	NHMSYS0021240899
	NHMSYS0100000813
	NHMSYS0100001112
	NHMSYS0100001127
	NHMSYS0100001815
	NHMSYS0100001930
	NHMSYS0100002896
	NHMSYS0100003014"
"rules_as_csv/British Bryological Society/BBS/id_difficulty.csv","TVKs are duplicated","NBNSYS0000036284
	NBNSYS0000036417
	NBNSYS0000036432
	NBNSYS0000036730
	NBNSYS0000036948
	NHMSYS0000309960
	NHMSYS0000310179
	NHMSYS0021616481"
"rules_as_csv/British Bryological Society/BBS/id_difficulty.csv","TVKs are linked to more than 1 name","NBNSYS0000036284
	NBNSYS0000036417
	NBNSYS0000036432
	NBNSYS0000036730
	NBNSYS0000036948
	NHMSYS0000309960
	NHMSYS0000310179
	NHMSYS0021616481"
"rules_as_csv/British Bryological Society/BBS/id_difficulty.csv","Names are linked to more than 1 TVK","Amblystegium serpens
	Ctenidium molluscum
	Fissidens taxifolius
	Fontinalis squamosa
	Leucodon sciuroides
	Marsupella emarginata
	Tortella flavovirens
	Weissia longifolia"
"rules_as_csv/British Bryological Society/BBS/tenkm.csv","TVKs are present in tenkm.csv but are not present in id_difficulty.csv","NBNSYS0000036719
	NBNSYS0000189235
	NBNSYS0000189236
	NBNSYS0000189253
	NHMSYS0000309281
	NHMSYS0000309352
	NHMSYS0000309371
	NHMSYS0000309828
	NHMSYS0000310832
	NHMSYS0000310849
	NHMSYS0000310857
	NHMSYS0000310861
	NHMSYS0000310864
	NHMSYS0000310869
	NHMSYS0000310871
	NHMSYS0000310872
	NHMSYS0000310873
	NHMSYS0000310882
	NHMSYS0000310884
	NHMSYS0000310889
	NHMSYS0000310891
	NHMSYS0000310893
	NHMSYS0000310896
	NHMSYS0000310903
	NHMSYS0000310906
	NHMSYS0000310908
	NHMSYS0000310914
	NHMSYS0000310917
	NHMSYS0000310918
	NHMSYS0000310920
	NHMSYS0001682650
	NHMSYS0001682651
	NHMSYS0020636801
	NHMSYS0020636802
	NHMSYS0020636803
	NHMSYS0020636804
	NHMSYS0020636805
	NHMSYS0020636826
	NHMSYS0020930820
	NHMSYS0021593122
	NHMSYS0021600367"
"rules_as_csv/British Lichen Society/BLS/id_difficulty.csv","TVKs are duplicated","BMSSYS0000047935
	BMSSYS0000052458
	BMSSYS0000731145
	NBNSYS0000015874
	NBNSYS0000018067
	NBNSYS0000018510
	NBNSYS0000020528
	NHMSYS0001480498
	NHMSYS0020989889"
"rules_as_csv/British Lichen Society/BLS/id_difficulty.csv","TVKs are linked to more than 1 name","BMSSYS0000047935
	BMSSYS0000052458
	BMSSYS0000731145
	NBNSYS0000015874
	NBNSYS0000018067
	NBNSYS0000018510
	NBNSYS0000020528
	NHMSYS0001480498
	NHMSYS0020989889"
"rules_as_csv/British Lichen Society/BLS/id_difficulty.csv","Names are linked to more than 1 TVK","Abrothallus suecicus
	Bachmanniomyces punctum
	Caloplaca coralliza
	Caloplaca crenularia
	Dermatocarpon intestiniforme
	Heterodermia obscurata
	Micarea byssacea
	Pronectria anisospora
	Verrucaria elaeomelaena s. lat."
"rules_as_csv/British Lichen Society/BLS/id_difficulty.csv","TCodes given below are present in species.csv but are not present in difficulty_codes.csv","NHMSYS0000361533"
"rules_as_csv/British Lichen Society/BLS/tenkm.csv","TVKs are present in tenkm.csv but are not present in id_difficulty.csv","NBNSYS0000018357"
"rules_as_csv/British Myriapod and Isopod Group/BMIG/periodwithinyear.csv","TVKs are present in periodwithinyear.csv but are not present in id_difficulty.csv","MM0001Z1ZT0011Z1"
"rules_as_csv/British Myriapod and Isopod Group/BMIG/tenkm.csv","TVKs are present in tenkm.csv but are not present in id_difficulty.csv","MM0001Z1ZT0011FY
	MM0001Z1ZT0011Z1
	MM0001Z1ZT0011ZZ
	NHMSYS0020526984"
"rules_as_csv/British Myriapod and Isopod Group/BMIG/period.csv","TVKs are present in period.csv but are not present in id_difficulty.csv","MM0001Z1ZT0011Z1
	MM0001Z1ZT0011ZZ"
"rules_as_csv/British Phycological Society/BPS/id_difficulty.csv","TVKs are duplicated","NHMSYS0021058522
	NHMSYS0021059606"
"rules_as_csv/British Phycological Society/BPS/id_difficulty.csv","TVKs are linked to more than 1 name","NHMSYS0021058522
	NHMSYS0021059606"
"rules_as_csv/British Phycological Society/BPS/id_difficulty.csv","Names are linked to more than 1 TVK","Mesogloia vermiculata
	Phymatolithon lenormandii"
"rules_as_csv/British Phycological Society/BPS/tenkm.csv","TVKs are present in tenkm.csv but are not present in id_difficulty.csv","NHMSYS0000377550
	NHMSYS0021059302
	NHMSYS0021059303
	NHMSYS0021059423"
"rules_as_csv/British Trust for Ornithology/BTO/tenkm.csv","TVKs are present in tenkm.csv but are not present in id_difficulty.csv","NHMSYS0000530420
	NHMSYS0000532799"
"rules_as_csv/Butterfly Conservation/BC/tenkm.csv","TVKs are present in tenkm.csv but are not present in id_difficulty.csv","NHMSYS0021143570"
"rules_as_csv/Butterfly Conservation/NMRS/id_difficulty.csv","TVKs are duplicated","NHMSYS0000501270"
"rules_as_csv/Butterfly Conservation/NMRS/id_difficulty.csv","TVKs are linked to more than 1 name","NHMSYS0000501270"
"rules_as_csv/Butterfly Conservation/NMRS/id_difficulty.csv","Names are linked to more than 1 TVK","Antispila petryi"
"rules_as_csv/Butterfly Conservation/NMRS/periodwithinyear.csv","Contains duplicated tvk and stage combination","NBNSYS0000006292
	NHMSYS0000501270
	NHMSYS0021238182"
"rules_as_csv/Butterfly Conservation/NMRS/periodwithinyear.csv","TVKs are present in periodwithinyear.csv but are not present in id_difficulty.csv","MM0001Z1000RH411
	MM0001Z1003R8501
	MM0001Z10045DSS1
	MM0001Z1005LL6O1
	MM0001Z10063HLV1
	MM0001Z100758RH1
	MM0001Z100B1FMS1
	MM0001Z100BZSUG1
	MM0001Z100DH5JN1
	MM0001Z100DMN711
	MM0001Z100H6VVQ1
	MM0001Z100HTMPQ1
	MM0001Z100QKZ9J1
	MM0001Z1D7P511Z1
	MM0001Z1GPZNU1ZJ
	MM0001Z1GTI8C1MY
	MM0001Z1Q00021ZZ
	NBNSYS0000006393
	NBNSYS0000006441
	NHMSYS0001703642
	NHMSYS0001703643
	NHMSYS0001703649
	NHMSYS0001703650
	NHMSYS0001703666
	NHMSYS0001703669
	NHMSYS0001703678
	NHMSYS0001703742
	NHMSYS0020083406
	NHMSYS0020083546
	NHMSYS0020467649
	NHMSYS0020530781
	NHMSYS0021238182"
"rules_as_csv/Butterfly Conservation/NMRS/tenkm.csv","TVKs are present in tenkm.csv but are not present in id_difficulty.csv","MM0001Z10063HLV1
	MM0001Z100758RH1
	MM0001Z100B1FMS1
	MM0001Z100BZSUG1
	MM0001Z100DH5JN1
	MM0001Z100DMN711
	MM0001Z1D7P511Z1
	MM0001Z1Q00021ZZ
	NBNSYS0000005251
	NBNSYS0000005299
	NBNSYS0000005790
	NBNSYS0000006564
	NBNSYS0000137655
	NHMSYS0000501261
	NHMSYS0000503628
	NHMSYS0000504081
	NHMSYS0000516834
	NHMSYS0000516869
	NHMSYS0000516993
	NHMSYS0000517003
	NHMSYS0000517193
	NHMSYS0000517223
	NHMSYS0000517508
	NHMSYS0000517713
	NHMSYS0000520023
	NHMSYS0000520118
	NHMSYS0000520453
	NHMSYS0000522052
	NHMSYS0021143914
	NHMSYS0021144013
	NHMSYS0021144689"
"rules_as_csv/Butterfly Conservation/NMRS/period.csv","TVKs are present in period.csv but are not present in id_difficulty.csv","MM0001Z1000RH411
	MM0001Z1003R8501
	MM0001Z10045DSS1
	MM0001Z1005LL6O1
	MM0001Z10063HLV1
	MM0001Z100758RH1
	MM0001Z100B1FMS1
	MM0001Z100BZSUG1
	MM0001Z100DH5JN1
	MM0001Z100DMN711
	MM0001Z100H6VVQ1
	MM0001Z100HTMPQ1
	MM0001Z100QKZ9J1
	MM0001Z1D7P511Z1
	MM0001Z1GPZNU1ZJ
	MM0001Z1GTI8C1MY
	MM0001Z1Q00021ZZ"
"rules_as_csv/Chloropidae Recording Scheme/CRS/periodwithinyear.csv","TVKs are present in periodwithinyear.csv but are not present in id_difficulty.csv","NHMSYS0021122907"
"rules_as_csv/Chloropidae Recording Scheme/CRS/period.csv","TVKs are present in period.csv but are not present in id_difficulty.csv","NHMSYS0021122907"
"rules_as_csv/Dragonfly Recording Scheme/DRS/periodwithinyear.csv","TVKs are present in periodwithinyear.csv but are not present in id_difficulty.csv","NHMSYS0021009068
	NHMSYS0021009091"
"rules_as_csv/Dragonfly Recording Scheme/DRS/tenkm.csv","TVKs are present in tenkm.csv but are not present in id_difficulty.csv","NHMSYS0021009068
	NHMSYS0021009091"
"rules_as_csv/Dragonfly Recording Scheme/DRS/period.csv","TVKs are present in period.csv but are not present in id_difficulty.csv","NBNSYS0000005608
	NBNSYS0000005648
	NHMSYS0000344182
	NHMSYS0000532481
	NHMSYS0000532531
	NHMSYS0021009068"
"rules_as_csv/Hoverfly Recording Scheme/HRS/periodwithinyear.csv","Contains duplicated tvk and stage combination","NBNSYS0000006897
	NBNSYS0000006974
	NBNSYS0000007080
	NBNSYS0100022723
	NHMSYS0021196476"
"rules_as_csv/Hoverfly Recording Scheme/HRS/periodwithinyear.csv","TVKs are present in periodwithinyear.csv but are not present in id_difficulty.csv","NHMSYS0020978338
	NHMSYS0020978344
	NHMSYS0020978350
	NHMSYS0020978356"
"rules_as_csv/Hoverfly Recording Scheme/HRS/tenkm.csv","TVKs are present in tenkm.csv but are not present in id_difficulty.csv","NHMSYS0020978338
	NHMSYS0020978344
	NHMSYS0020978350
	NHMSYS0020978356"
"rules_as_csv/Mammal Society/Bats/tenkm.csv","TVKs are present in tenkm.csv but are not present in id_difficulty.csv",""
"rules_as_csv/Marine Biological Association/MBA/id_difficulty.csv","TVKs are duplicated","NHMSYS0021053694
	NHMSYS0021058370
	NHMSYS0021058637"
"rules_as_csv/Marine Biological Association/MBA/id_difficulty.csv","TVKs are linked to more than 1 name","NHMSYS0021053694
	NHMSYS0021058370
	NHMSYS0021058637"
"rules_as_csv/Marine Biological Association/MBA/id_difficulty.csv","Names are linked to more than 1 TVK","Ascophyllum nodosum
	Epizoanthus papillosus
	Zanardinia typus"
"rules_as_csv/Marine Biological Association/MBA/tenkm.csv","TVKs are present in tenkm.csv but are not present in id_difficulty.csv","NBNSYS0000174083
	NBNSYS0000175296
	NBNSYS0000175519
	NBNSYS0000176076
	NBNSYS0000176371
	NBNSYS0000183915
	NHMSYS0021048596
	NHMSYS0021048704
	NHMSYS0021049668
	NHMSYS0021049863
	NHMSYS0021049864
	NHMSYS0021060230
	NHMSYS0021201337"
"rules_as_csv/Spider Recording Scheme/SRS/periodwithinyear.csv","Contains duplicated tvk and stage combination","NBNSYS0000008939"
"rules_as_csv/Spider Recording Scheme/SRS/periodwithinyear.csv","TVKs are present in periodwithinyear.csv but are not present in id_difficulty.csv","NHMSYS0020001412"
"rules_as_csv/Spider Recording Scheme/SRS/tenkm.csv","TVKs are present in tenkm.csv but are not present in id_difficulty.csv","NHMSYS0020001412"
"rules_as_csv/Terrestrial Heteroptera Recording Scheme/THRS/tenkm.csv","TVKs are present in tenkm.csv but are not present in id_difficulty.csv","NHMSYS0020442288"
"rules_as_csv/Trichoptera Recording Scheme/TRS/periodwithinyear.csv","TVKs are present in periodwithinyear.csv but are not present in id_difficulty.csv","NBNSYS0000008368
	NBNSYS0000008424
	NBNSYS0000008425
	NHMSYS0020704765"
"rules_as_csv/Trichoptera Recording Scheme/TRS/tenkm.csv","TVKs are present in tenkm.csv but are not present in id_difficulty.csv","NBNSYS0000008342
	NBNSYS0000008368
	NBNSYS0000008424
	NBNSYS0000008425
	NBNSYS0000008527
	NHMSYS0020704765"
"rules_as_csv/Trichoptera Recording Scheme/TRS/period.csv","TVKs are present in period.csv but are not present in id_difficulty.csv","NBNSYS0000008368
	NBNSYS0000008424
	NBNSYS0000008425
	NHMSYS0020704765"
